-- MySQL dump 10.13  Distrib 5.5.37, for debian-linux-gnu (x86_64)
--
-- Host: localhost    Database: beliapaaja_mlm
-- ------------------------------------------------------
-- Server version	5.5.37-0ubuntu0.14.04.1

/*!40101 SET @OLD_CHARACTER_SET_CLIENT=@@CHARACTER_SET_CLIENT */;
/*!40101 SET @OLD_CHARACTER_SET_RESULTS=@@CHARACTER_SET_RESULTS */;
/*!40101 SET @OLD_COLLATION_CONNECTION=@@COLLATION_CONNECTION */;
/*!40101 SET NAMES utf8 */;
/*!40103 SET @OLD_TIME_ZONE=@@TIME_ZONE */;
/*!40103 SET TIME_ZONE='+00:00' */;
/*!40014 SET @OLD_UNIQUE_CHECKS=@@UNIQUE_CHECKS, UNIQUE_CHECKS=0 */;
/*!40014 SET @OLD_FOREIGN_KEY_CHECKS=@@FOREIGN_KEY_CHECKS, FOREIGN_KEY_CHECKS=0 */;
/*!40101 SET @OLD_SQL_MODE=@@SQL_MODE, SQL_MODE='NO_AUTO_VALUE_ON_ZERO' */;
/*!40111 SET @OLD_SQL_NOTES=@@SQL_NOTES, SQL_NOTES=0 */;

--
-- Table structure for table `balances`
--

DROP TABLE IF EXISTS `balances`;
/*!40101 SET @saved_cs_client     = @@character_set_client */;
/*!40101 SET character_set_client = utf8 */;
CREATE TABLE `balances` (
  `id` int(11) NOT NULL AUTO_INCREMENT,
  `get_at` date DEFAULT NULL,
  `balance_type` varchar(255) COLLATE utf8_unicode_ci DEFAULT NULL,
  `amount` int(11) DEFAULT NULL,
  `member_id` int(11) DEFAULT NULL,
  `created_at` datetime DEFAULT NULL,
  `updated_at` datetime DEFAULT NULL,
  `deleted_at` datetime DEFAULT NULL,
  PRIMARY KEY (`id`)
) ENGINE=InnoDB AUTO_INCREMENT=58 DEFAULT CHARSET=utf8 COLLATE=utf8_unicode_ci;
/*!40101 SET character_set_client = @saved_cs_client */;

--
-- Dumping data for table `balances`
--

LOCK TABLES `balances` WRITE;
/*!40000 ALTER TABLE `balances` DISABLE KEYS */;
INSERT INTO `balances` VALUES (1,'2014-05-22','b.sponsor',50000,4,'2014-05-22 22:36:16','2014-05-22 22:36:16',NULL),(2,'2014-05-22','b.sponsor',50000,4,'2014-05-22 23:04:41','2014-05-22 23:04:41',NULL),(3,'2014-05-23','b.sponsor',50000,35,'2014-05-23 14:39:15','2014-05-25 04:45:33','2014-05-25 04:45:33'),(4,'2014-05-23','b.sponsor',50000,43,'2014-05-23 14:45:46','2014-05-24 08:56:50','2014-05-24 08:56:50'),(5,'2014-05-23','b.sponsor',50000,43,'2014-05-23 14:55:07','2014-05-24 08:56:50','2014-05-24 08:56:50'),(6,'2014-05-23','b.prestasi',50000,37,'2014-05-23 14:55:07','2014-05-25 04:45:33','2014-05-25 04:45:33'),(7,'2014-05-23','b.matching',50000,35,'2014-05-23 14:55:07','2014-05-25 04:45:33','2014-05-25 04:45:33'),(8,'2014-05-23','b.sponsor',50000,43,'2014-05-23 15:07:47','2014-05-24 08:56:50','2014-05-24 08:56:50'),(9,'2014-05-23','b.sponsor',50000,43,'2014-05-23 15:11:04','2014-05-24 08:56:50','2014-05-24 08:56:50'),(10,'2014-05-23','b.prestasi',50000,43,'2014-05-23 15:11:04','2014-05-24 08:56:50','2014-05-24 08:56:50'),(11,'2014-05-23','b.matching',50000,35,'2014-05-23 15:11:04','2014-05-25 04:45:33','2014-05-25 04:45:33'),(12,'2014-05-23','b.sponsor',50000,43,'2014-05-23 15:13:37','2014-05-24 08:56:50','2014-05-24 08:56:50'),(13,'2014-05-23','b.sponsor',50000,43,'2014-05-23 15:14:50','2014-05-24 08:56:50','2014-05-24 08:56:50'),(14,'2014-05-23','b.prestasi',50000,37,'2014-05-23 15:14:50','2014-05-25 04:45:33','2014-05-25 04:45:33'),(15,'2014-05-23','b.matching',50000,35,'2014-05-23 15:14:50','2014-05-25 04:45:33','2014-05-25 04:45:33'),(16,'2014-05-23','b.sponsor',50000,44,'2014-05-24 01:37:47','2014-05-24 08:56:50','2014-05-24 08:56:50'),(17,'2014-05-23','b.sponsor',50000,50,'2014-05-24 01:39:42','2014-05-24 08:56:50','2014-05-24 08:56:50'),(18,'2014-05-23','b.sponsor',50000,50,'2014-05-24 01:40:38','2014-05-24 08:56:50','2014-05-24 08:56:50'),(19,'2014-05-23','b.prestasi',50000,46,'2014-05-24 01:40:38','2014-05-24 08:56:50','2014-05-24 08:56:50'),(20,'2014-05-23','b.matching',50000,43,'2014-05-24 01:40:38','2014-05-24 08:56:50','2014-05-24 08:56:50'),(21,'2014-05-23','b.sponsor',50000,50,'2014-05-24 01:41:39','2014-05-24 08:56:50','2014-05-24 08:56:50'),(22,'2014-05-23','b.sponsor',50000,50,'2014-05-24 01:43:54','2014-05-24 08:56:50','2014-05-24 08:56:50'),(23,'2014-05-23','b.prestasi',50000,50,'2014-05-24 01:43:54','2014-05-24 08:56:50','2014-05-24 08:56:50'),(24,'2014-05-23','b.matching',50000,44,'2014-05-24 01:43:54','2014-05-24 08:56:50','2014-05-24 08:56:50'),(25,'2014-05-23','b.sponsor',50000,50,'2014-05-24 01:45:36','2014-05-24 08:56:50','2014-05-24 08:56:50'),(26,'2014-05-23','b.sponsor',50000,50,'2014-05-24 01:46:27','2014-05-24 08:56:50','2014-05-24 08:56:50'),(27,'2014-05-23','b.prestasi',50000,46,'2014-05-24 01:46:27','2014-05-24 08:56:50','2014-05-24 08:56:50'),(28,'2014-05-23','b.matching',50000,43,'2014-05-24 01:46:27','2014-05-24 08:56:50','2014-05-24 08:56:50'),(29,'2014-05-23','b.sponsor',50000,44,'2014-05-24 02:12:00','2014-05-24 08:56:50','2014-05-24 08:56:50'),(30,'2014-05-23','b.sponsor',50000,57,'2014-05-24 02:13:33','2014-05-24 08:56:50','2014-05-24 08:56:50'),(31,'2014-05-23','b.sponsor',50000,57,'2014-05-24 02:14:23','2014-05-24 08:56:50','2014-05-24 08:56:50'),(32,'2014-05-23','b.prestasi',50000,53,'2014-05-24 02:14:23','2014-05-24 08:56:50','2014-05-24 08:56:50'),(33,'2014-05-23','b.matching',50000,50,'2014-05-24 02:14:23','2014-05-24 08:56:50','2014-05-24 08:56:50'),(34,'2014-05-23','b.sponsor',50000,57,'2014-05-24 02:15:03','2014-05-24 08:56:50','2014-05-24 08:56:50'),(35,'2014-05-23','b.sponsor',50000,57,'2014-05-24 02:16:14','2014-05-24 08:56:50','2014-05-24 08:56:50'),(36,'2014-05-23','b.prestasi',50000,57,'2014-05-24 02:16:14','2014-05-24 08:56:50','2014-05-24 08:56:50'),(37,'2014-05-23','b.matching',50000,44,'2014-05-24 02:16:14','2014-05-24 08:56:50','2014-05-24 08:56:50'),(38,'2014-05-23','b.sponsor',50000,57,'2014-05-24 02:17:02','2014-05-24 08:56:50','2014-05-24 08:56:50'),(39,'2014-05-23','b.sponsor',50000,57,'2014-05-24 02:17:48','2014-05-24 08:56:50','2014-05-24 08:56:50'),(40,'2014-05-23','b.prestasi',50000,53,'2014-05-24 02:17:48','2014-05-24 08:56:50','2014-05-24 08:56:50'),(41,'2014-05-23','b.matching',50000,50,'2014-05-24 02:17:48','2014-05-24 08:56:50','2014-05-24 08:56:50'),(42,'2014-05-24','b.sponsor',50000,51,'2014-05-24 09:55:02','2014-05-26 05:54:28','2014-05-26 05:54:28'),(43,'2014-05-24','b.sponsor',50000,64,'2014-05-24 09:57:44','2014-05-26 05:54:28','2014-05-26 05:54:28'),(44,'2014-05-24','b.sponsor',50000,64,'2014-05-24 09:59:16','2014-05-26 05:54:28','2014-05-26 05:54:28'),(45,'2014-05-24','b.prestasi',50000,60,'2014-05-24 09:59:16','2014-05-26 05:54:28','2014-05-26 05:54:28'),(46,'2014-05-24','b.matching',50000,57,'2014-05-24 09:59:16','2014-05-26 05:54:28','2014-05-26 05:54:28'),(47,'2014-05-24','b.sponsor',50000,51,'2014-05-24 10:11:32','2014-05-26 05:54:28','2014-05-26 05:54:28'),(48,'2014-05-24','b.sponsor',50000,35,'2014-05-24 10:17:11','2014-05-25 04:45:33','2014-05-25 04:45:33'),(49,'2014-05-24','b.prestasi',50000,35,'2014-05-24 10:17:11','2014-05-25 04:45:33','2014-05-25 04:45:33'),(50,'2014-05-24','b.matching',50000,34,'2014-05-24 10:17:11','2014-05-25 04:45:33','2014-05-25 04:45:33'),(51,'2014-05-25','b.sponsor',50000,42,'2014-05-26 03:30:33','2014-05-26 05:54:28','2014-05-26 05:54:28'),(52,'2014-05-25','b.sponsor',50000,42,'2014-05-26 03:32:15','2014-05-26 05:54:28','2014-05-26 05:54:28'),(53,'2014-05-25','b.prestasi',50000,41,'2014-05-26 03:32:15','2014-05-26 03:32:15',NULL),(54,'2014-05-25','b.matching',50000,4,'2014-05-26 03:32:15','2014-05-26 03:32:15',NULL),(55,'2014-05-26','b.sponsor',50000,10,'2014-05-26 04:27:45','2014-05-26 04:27:45',NULL),(56,'2014-05-26','b.sponsor',50000,17,'2014-05-26 15:43:25','2014-05-27 04:40:42','2014-05-27 04:40:42'),(57,'2014-05-26','b.sponsor',50000,17,'2014-05-26 16:01:26','2014-05-27 04:40:42','2014-05-27 04:40:42');
/*!40000 ALTER TABLE `balances` ENABLE KEYS */;
UNLOCK TABLES;

--
-- Table structure for table `bonus`
--

DROP TABLE IF EXISTS `bonus`;
/*!40101 SET @saved_cs_client     = @@character_set_client */;
/*!40101 SET character_set_client = utf8 */;
CREATE TABLE `bonus` (
  `id` int(11) NOT NULL AUTO_INCREMENT,
  `total_left` int(11) DEFAULT NULL,
  `total_right` int(11) DEFAULT NULL,
  `bonus_type` varchar(255) COLLATE utf8_unicode_ci DEFAULT NULL,
  `name` varchar(255) COLLATE utf8_unicode_ci DEFAULT NULL,
  `created_at` datetime DEFAULT NULL,
  `updated_at` datetime DEFAULT NULL,
  PRIMARY KEY (`id`)
) ENGINE=InnoDB AUTO_INCREMENT=17 DEFAULT CHARSET=utf8 COLLATE=utf8_unicode_ci;
/*!40101 SET character_set_client = @saved_cs_client */;

--
-- Dumping data for table `bonus`
--

LOCK TABLES `bonus` WRITE;
/*!40000 ALTER TABLE `bonus` DISABLE KEYS */;
INSERT INTO `bonus` VALUES (1,7,7,'B.Support','royalty 1','2014-05-21 19:41:10','2014-05-21 19:41:10'),(2,25,25,'B.Support','royalty 2','2014-05-21 19:41:10','2014-05-21 19:41:10'),(3,50,50,'B.Support','royalty 3','2014-05-21 19:41:10','2014-05-21 19:41:10'),(4,100,100,'B.Support','royalty 4 + tour ke Bali','2014-05-21 19:41:10','2014-05-21 19:41:10'),(5,200,200,'B.Support','Cash Rp. 10.000.000','2014-05-21 19:41:10','2014-05-21 19:41:10'),(6,300,300,'B.Support','Cash Rp. 15.000.000','2014-05-21 19:41:10','2014-05-21 19:41:10'),(7,400,400,'B.Support','Cash Rp. 20.000.000','2014-05-21 19:41:10','2014-05-21 19:41:10'),(8,500,500,'B.Support','Cash Rp. 25.000.000','2014-05-21 19:41:10','2014-05-21 19:41:10'),(9,600,600,'B.Support','Cash Rp. 30.000.000','2014-05-21 19:41:10','2014-05-21 19:41:10'),(10,700,700,'B.Support','Cash Rp. 35.000.000','2014-05-21 19:41:10','2014-05-21 19:41:10'),(11,800,800,'B.Support','Cash Rp. 40.000.000','2014-05-21 19:41:10','2014-05-21 19:41:10'),(12,900,900,'B.Support','Cash Rp. 45.000.000','2014-05-21 19:41:10','2014-05-21 19:41:10'),(13,1000,1000,'B.Support','Cash Rp. 50.000.000 + Royalti 5','2014-05-21 19:41:10','2014-05-21 19:41:10'),(14,3000,3000,'B.Reward','Honda Mobilio Cash Rp. 175.000.000','2014-05-21 19:41:10','2014-05-21 19:41:10'),(15,6000,6000,'B.Reward','Tabungan Rp. 250.000.000','2014-05-21 19:41:10','2014-05-21 19:41:10'),(16,12000,12000,'B.Reward','Rumah Rp. 500.000.000 + 3% saham perusahaan','2014-05-21 19:41:10','2014-05-21 19:41:10');
/*!40000 ALTER TABLE `bonus` ENABLE KEYS */;
UNLOCK TABLES;

--
-- Table structure for table `member_bonus`
--

DROP TABLE IF EXISTS `member_bonus`;
/*!40101 SET @saved_cs_client     = @@character_set_client */;
/*!40101 SET character_set_client = utf8 */;
CREATE TABLE `member_bonus` (
  `id` int(11) NOT NULL AUTO_INCREMENT,
  `get_at` date DEFAULT NULL,
  `status` int(11) DEFAULT NULL,
  `member_id` int(11) DEFAULT NULL,
  `created_at` datetime DEFAULT NULL,
  `updated_at` datetime DEFAULT NULL,
  PRIMARY KEY (`id`)
) ENGINE=InnoDB DEFAULT CHARSET=utf8 COLLATE=utf8_unicode_ci;
/*!40101 SET character_set_client = @saved_cs_client */;

--
-- Dumping data for table `member_bonus`
--

LOCK TABLES `member_bonus` WRITE;
/*!40000 ALTER TABLE `member_bonus` DISABLE KEYS */;
/*!40000 ALTER TABLE `member_bonus` ENABLE KEYS */;
UNLOCK TABLES;

--
-- Table structure for table `members`
--

DROP TABLE IF EXISTS `members`;
/*!40101 SET @saved_cs_client     = @@character_set_client */;
/*!40101 SET character_set_client = utf8 */;
CREATE TABLE `members` (
  `id` int(11) NOT NULL AUTO_INCREMENT,
  `nick_name` varchar(255) COLLATE utf8_unicode_ci DEFAULT NULL,
  `nama` varchar(255) COLLATE utf8_unicode_ci DEFAULT NULL,
  `serial_data_id` int(11) DEFAULT NULL,
  `tanggal_lahir` date DEFAULT NULL,
  `tempat_lahir` varchar(255) COLLATE utf8_unicode_ci DEFAULT NULL,
  `no_identitas` varchar(255) COLLATE utf8_unicode_ci DEFAULT NULL,
  `jenis_kelamin` tinyint(1) DEFAULT NULL,
  `kewarganegaraan` varchar(255) COLLATE utf8_unicode_ci DEFAULT NULL,
  `status_sipil` varchar(255) COLLATE utf8_unicode_ci DEFAULT NULL,
  `alamat` varchar(255) COLLATE utf8_unicode_ci DEFAULT NULL,
  `kota` varchar(255) COLLATE utf8_unicode_ci DEFAULT NULL,
  `negara` varchar(255) COLLATE utf8_unicode_ci DEFAULT NULL,
  `telepon` varchar(255) COLLATE utf8_unicode_ci DEFAULT NULL,
  `agama` varchar(255) COLLATE utf8_unicode_ci DEFAULT NULL,
  `ahli_waris` varchar(255) COLLATE utf8_unicode_ci DEFAULT NULL,
  `ibu_kandung` varchar(255) COLLATE utf8_unicode_ci DEFAULT NULL,
  `provinsi` varchar(255) COLLATE utf8_unicode_ci DEFAULT NULL,
  `kode_pos` int(11) DEFAULT NULL,
  `handphone` varchar(255) COLLATE utf8_unicode_ci DEFAULT NULL,
  `no_npwp` varchar(255) COLLATE utf8_unicode_ci DEFAULT NULL,
  `hubungan` varchar(255) COLLATE utf8_unicode_ci DEFAULT NULL,
  `nama_bank` varchar(255) COLLATE utf8_unicode_ci DEFAULT NULL,
  `nama_pemilik` varchar(255) COLLATE utf8_unicode_ci DEFAULT NULL,
  `no_rekening` varchar(255) COLLATE utf8_unicode_ci DEFAULT NULL,
  `email` varchar(255) COLLATE utf8_unicode_ci DEFAULT NULL,
  `is_active` tinyint(1) DEFAULT '1',
  `created_at` datetime DEFAULT NULL,
  `updated_at` datetime DEFAULT NULL,
  `ancestry` varchar(255) COLLATE utf8_unicode_ci DEFAULT NULL,
  `sponsor_id` int(11) DEFAULT NULL,
  `cabang` varchar(255) COLLATE utf8_unicode_ci DEFAULT NULL,
  `table_number` int(11) DEFAULT NULL,
  `is_karyawan` tinyint(1) DEFAULT NULL,
  PRIMARY KEY (`id`)
) ENGINE=InnoDB AUTO_INCREMENT=74 DEFAULT CHARSET=utf8 COLLATE=utf8_unicode_ci;
/*!40101 SET character_set_client = @saved_cs_client */;

--
-- Dumping data for table `members`
--

LOCK TABLES `members` WRITE;
/*!40000 ALTER TABLE `members` DISABLE KEYS */;
INSERT INTO `members` VALUES (1,NULL,'Perusahaan 1',1,NULL,NULL,NULL,NULL,NULL,NULL,NULL,NULL,NULL,NULL,NULL,NULL,NULL,NULL,NULL,NULL,NULL,NULL,NULL,NULL,NULL,NULL,1,'2014-05-21 19:41:17','2014-05-21 19:41:17',NULL,NULL,NULL,0,NULL),(2,NULL,'Perusahaan 2',2,NULL,NULL,NULL,NULL,NULL,NULL,NULL,NULL,NULL,NULL,NULL,NULL,NULL,NULL,NULL,NULL,NULL,NULL,NULL,NULL,NULL,NULL,1,'2014-05-21 19:41:17','2014-05-21 19:41:17','1',1,NULL,0,NULL),(3,NULL,'Perusahaan 3',3,NULL,NULL,NULL,NULL,NULL,NULL,NULL,NULL,NULL,NULL,NULL,NULL,NULL,NULL,NULL,NULL,NULL,NULL,NULL,NULL,NULL,NULL,1,'2014-05-21 19:41:17','2014-05-21 19:41:17','1/2',2,NULL,0,NULL),(4,'MERDEKA1','Sudrajat,Se',4,'1959-07-09','Bandung','',1,'Indonesia','','Jl.Base Ball Arcamanik Bandung Jawa Barat Indonesia',NULL,NULL,'087821203545','Islam','Imam Ira','Nurtini','Jawa Barat',40000,'081221682259','','Anak','BCA','Sudrajat,Se','2800669441','sudrajatsoni@gmail.com',1,'2014-05-21 19:41:17','2014-05-25 06:13:35','1/2/3',3,'Bandung',0,NULL),(5,NULL,'IT 1',5,NULL,NULL,NULL,NULL,NULL,NULL,NULL,NULL,NULL,NULL,NULL,NULL,NULL,NULL,NULL,NULL,NULL,NULL,NULL,NULL,NULL,NULL,1,'2014-05-21 19:41:17','2014-05-21 19:41:17','1/2/3',3,NULL,1,NULL),(6,'MERDEKA2','Sudrajat,Se',6,NULL,'','',1,'Indonesia','','',NULL,NULL,'','Islam','Imam Ira','Nurtini','',NULL,'087821203545','','Anak','BCA','Sudrajat,Se','2800669441','sudrajatsoni@gmail.com',1,'2014-05-21 19:41:17','2014-05-26 02:58:00','1/2/3/4',4,'Kiaracondong',0,NULL),(7,'MERDEKA3','Sudrajat,Se',7,NULL,'','',1,'Indonesia','','',NULL,NULL,'','Islam','','hub admin untuk pengisian','',NULL,'12345678','','','hub admin untuk pengisian','hub admin untuk pengisian','12345678','hubadmin@yahoo.com',1,'2014-05-21 19:41:17','2014-05-26 04:11:22','1/2/3/4',4,'',1,NULL),(8,'Soni1','Sudrajat,Se',8,NULL,'','',1,'Indonesia','','',NULL,NULL,'','Islam','','hub admin untuk pengisian','',NULL,'12345678','','','hub admin untuk pengisian','hub admin untuk pengisian','12345678','hubadmin@yahoo.com',1,'2014-05-21 19:41:17','2014-05-25 09:06:15','1/2/3/4/6',6,'',0,NULL),(9,'Soni2','Sudrajat,Se',9,NULL,'','',0,'Afghanistan','','',NULL,NULL,'','Islam','','hub admin untuk pengisian','',NULL,'12345678','','','hub admin untuk pengisian','hub admin untuk pengisian','12345678','hubadmin@yahoo.com',1,'2014-05-21 19:41:17','2014-05-27 07:10:17','1/2/3/4/6',6,'',1,NULL),(10,'Soni','Sudrajat,Se',10,NULL,'','',1,'Indonesia','','',NULL,NULL,'','Islam','Imam Ira','Nurtini','',NULL,'081221682259','','Anak','BCA','Sudrajat,Se','2800669441','sudrajatsoni@gmail.com',1,'2014-05-21 19:41:17','2014-05-26 05:25:50','1/2/3/4/7',7,'',0,NULL),(11,'Soni3','Sudrajat,Se',11,NULL,'','',1,'Afghanistan','','',NULL,NULL,'','Islam','','hub admin untuk pengisian','',NULL,'12345678','','','hub admin untuk pengisian','hub admin untuk pengisian','12345678','hubadmin@yahoo.com',1,'2014-05-21 19:41:17','2014-05-25 09:41:06','1/2/3/4/7',7,'',1,NULL),(12,NULL,'Nurhayati',12,NULL,NULL,NULL,NULL,NULL,NULL,NULL,NULL,NULL,NULL,NULL,NULL,NULL,NULL,NULL,NULL,NULL,NULL,NULL,NULL,NULL,NULL,1,'2014-05-21 19:41:17','2014-05-21 19:41:17','1/2/3/4/7/10',10,NULL,0,NULL),(13,NULL,'Eis',13,NULL,NULL,NULL,NULL,NULL,NULL,NULL,NULL,NULL,NULL,NULL,NULL,NULL,NULL,NULL,NULL,NULL,NULL,NULL,NULL,NULL,NULL,1,'2014-05-21 19:41:17','2014-05-21 19:41:17','1/2/3/4/7/10/12',12,NULL,0,NULL),(14,'dgreatone','Naomi Amppera Dolok Saribuu',14,NULL,'','',0,'Afghanistan','','',NULL,NULL,'','Islam','Strabo Sitohang','Tiora Sitorus','',NULL,'12345678','','','BCA','Naomi Amppera','2332410009','dolsarinaomi@yahoo.com',1,'2014-05-21 19:41:17','2014-05-23 04:29:21','1/2/3/4/7/10/12/13',13,'',0,NULL),(15,'Semangat','Beny',15,NULL,'','',1,'Afghanistan','','',NULL,NULL,'','Islam','','hub admin untuk pengisian','',NULL,'12345678','','','hub admin untuk pengisian','hub admin untuk pengisian','12345678','hubadmin@yahoo.com',1,'2014-05-21 19:41:17','2014-05-23 04:57:17','1/2/3/4/7/10/12/13/14',14,'',0,NULL),(16,'Putra Panjalu','Juli Yuliadi',16,NULL,'','',1,'Afghanistan','','',NULL,NULL,'','Islam','','hub admin untuk pengisian','',NULL,'12345678','','','hub admin untuk pengisian','hub admin untuk pengisian','12345678','hubadmin@yahoo.com',1,'2014-05-21 19:41:17','2014-05-23 05:37:13','1/2/3/4/7/10/12/13/14/15',15,'',0,NULL),(17,'Husni','Husni',17,'1981-05-14','Bandung','',1,'Indonesia','','Jl.Cijerah II blok 1 No.56 Cimahi Bandung',NULL,NULL,'','Islam','','Sulastri','',NULL,'085295078999','','','MANDIRI','Husni','9000002772375','husni_58999@yahoo.com',1,'2014-05-21 19:41:17','2014-05-23 02:06:49','1/2/3/4/7/10/12/13/14/15/16',16,'',0,NULL),(18,'Vidivaren','Fidi',18,NULL,'','',1,'Afghanistan','','',NULL,NULL,'','Islam','','hub admin untuk pengisian','',NULL,'12345678','','','hub admin untuk pengisian','hub admin untuk pengisian','12345678','hubadmin@yahoo.com',1,'2014-05-21 19:41:17','2014-05-23 04:58:34','1/2/3/4/7/10/12/13/14/15/16/17',17,'',0,NULL),(19,'Bintik','Robin',19,NULL,'','',1,'Afghanistan','','',NULL,NULL,'','Islam','','hub admin untuk pengisian','',NULL,'12345678','','','hub admin untuk pengisian','hub admin untuk pengisian','12345678','hubadmin@yahoo.com',1,'2014-05-21 19:41:17','2014-05-23 05:38:58','1/2/3/4/7/10/12/13/14/15/16/17/18',18,'',0,NULL),(20,NULL,'IT 2',20,NULL,NULL,NULL,NULL,NULL,NULL,NULL,NULL,NULL,NULL,NULL,NULL,NULL,NULL,NULL,NULL,NULL,NULL,NULL,NULL,NULL,NULL,1,'2014-05-21 19:41:17','2014-05-21 19:41:17','1/2/3/5',5,NULL,0,NULL),(21,NULL,'IT 3',21,NULL,NULL,NULL,NULL,NULL,NULL,NULL,NULL,NULL,NULL,NULL,NULL,NULL,NULL,NULL,NULL,NULL,NULL,NULL,NULL,NULL,NULL,1,'2014-05-21 19:41:17','2014-05-21 19:41:17','1/2/3/5',5,NULL,1,NULL),(22,NULL,'IT 4',22,NULL,NULL,NULL,NULL,NULL,NULL,NULL,NULL,NULL,NULL,NULL,NULL,NULL,NULL,NULL,NULL,NULL,NULL,NULL,NULL,NULL,NULL,1,'2014-05-21 19:41:17','2014-05-21 19:41:17','1/2/3/5/20',20,NULL,0,NULL),(23,NULL,'IT 5',23,NULL,NULL,NULL,NULL,NULL,NULL,NULL,NULL,NULL,NULL,NULL,NULL,NULL,NULL,NULL,NULL,NULL,NULL,NULL,NULL,NULL,NULL,1,'2014-05-21 19:41:17','2014-05-21 19:41:17','1/2/3/5/20',20,NULL,1,NULL),(24,NULL,'IT 6',24,NULL,NULL,NULL,NULL,NULL,NULL,NULL,NULL,NULL,NULL,NULL,NULL,NULL,NULL,NULL,NULL,NULL,NULL,NULL,NULL,NULL,NULL,1,'2014-05-21 19:41:17','2014-05-21 19:41:17','1/2/3/5/21',21,NULL,0,NULL),(25,NULL,'IT 7',25,NULL,NULL,NULL,NULL,NULL,NULL,NULL,NULL,NULL,NULL,NULL,NULL,NULL,NULL,NULL,NULL,NULL,NULL,NULL,NULL,NULL,NULL,1,'2014-05-21 19:41:17','2014-05-21 19:41:17','1/2/3/5/21',21,NULL,1,NULL),(26,NULL,'IT 8',26,NULL,NULL,NULL,NULL,NULL,NULL,NULL,NULL,NULL,NULL,NULL,NULL,NULL,NULL,NULL,NULL,NULL,NULL,NULL,NULL,NULL,NULL,1,'2014-05-21 19:41:17','2014-05-21 19:41:17','1/2/3/5/20/22',22,NULL,0,NULL),(27,NULL,'IT 9',27,NULL,NULL,NULL,NULL,NULL,NULL,NULL,NULL,NULL,NULL,NULL,NULL,NULL,NULL,NULL,NULL,NULL,NULL,NULL,NULL,NULL,NULL,1,'2014-05-21 19:41:17','2014-05-21 19:41:17','1/2/3/5/20/23',23,NULL,0,NULL),(28,NULL,'IT 10',28,NULL,NULL,NULL,NULL,NULL,NULL,NULL,NULL,NULL,NULL,NULL,NULL,NULL,NULL,NULL,NULL,NULL,NULL,NULL,NULL,NULL,NULL,1,'2014-05-21 19:41:17','2014-05-21 19:41:17','1/2/3/5/21/24',24,NULL,0,NULL),(29,NULL,'IT 11',29,NULL,NULL,NULL,NULL,NULL,NULL,NULL,NULL,NULL,NULL,NULL,NULL,NULL,NULL,NULL,NULL,NULL,NULL,NULL,NULL,NULL,NULL,1,'2014-05-21 19:41:17','2014-05-21 19:41:17','1/2/3/5/21/25',25,NULL,0,NULL),(30,'Sarawindanu','HERU PURBOWASKITO',30,'1970-04-12','Yogyakarta','',0,'Indonesia','','',NULL,NULL,'','Islam','','ATIN GUHARTIN','',NULL,'08170237100','','','MANDIRI','HERU PURBOWASKITO','1310004840171','masherdoktor@gmail.com',1,'2014-05-21 19:41:17','2014-05-26 08:52:36','1/2/3/5/20/22/26',26,'AHMAD YANI',0,NULL),(31,NULL,'IT 13',31,NULL,NULL,NULL,NULL,NULL,NULL,NULL,NULL,NULL,NULL,NULL,NULL,NULL,NULL,NULL,NULL,NULL,NULL,NULL,NULL,NULL,NULL,1,'2014-05-21 19:41:17','2014-05-21 19:41:17','1/2/3/5/20/23/27',27,NULL,0,NULL),(32,NULL,'IT 14',32,NULL,NULL,NULL,NULL,NULL,NULL,NULL,NULL,NULL,NULL,NULL,NULL,NULL,NULL,NULL,NULL,NULL,NULL,NULL,NULL,NULL,NULL,1,'2014-05-21 19:41:17','2014-05-21 19:41:17','1/2/3/5/21/24/28',28,NULL,0,NULL),(33,NULL,'IT 15',33,NULL,NULL,NULL,NULL,NULL,NULL,NULL,NULL,NULL,NULL,NULL,NULL,NULL,NULL,NULL,NULL,NULL,NULL,NULL,NULL,NULL,NULL,1,'2014-05-21 19:41:17','2014-05-21 19:41:17','1/2/3/5/21/25/29',29,NULL,0,NULL),(34,'','BENGKULU 1',34,NULL,'','',1,'Indonesia','','',NULL,NULL,'','Islam','','hub admin untuk pengisian','',NULL,'12345678','','','hub admin untuk pengisian','hub admin untuk pengisian','12345678','arbonish@gmail.com',1,'2014-05-22 04:54:00','2014-05-23 06:39:57','1/2/3/4/6/8',8,'',0,NULL),(35,'','BENGKULU 2',35,NULL,'','',1,'Indonesia','','',NULL,NULL,'','Islam','','hub admin untuk pengisian','',NULL,'12345678','','','hub admin untuk pengisian','hub admin untuk pengisian','12345678','arbonish@gmail.com',1,'2014-05-22 04:54:00','2014-05-23 06:53:30','1/2/3/4/6/8/34',34,'',0,NULL),(36,'','BENGKULU 3',36,NULL,'','',1,'Indonesia','','',NULL,NULL,'','Islam','','hub admin untuk pengisian','',NULL,'12345678','','','hub admin untuk pengisian','hub admin untuk pengisian','12345678','arbonish@gmail.com',1,'2014-05-22 04:54:00','2014-05-23 07:07:44','1/2/3/4/6/8/34',34,'',1,NULL),(37,'','BENGKULU 4',37,NULL,'','',1,'Afghanistan','','',NULL,NULL,'','Islam','','hub admin untuk pengisian','',NULL,'12345678','','','hub admin untuk pengisian','hub admin untuk pengisian','12345678','arbonish@gmail.com',1,'2014-05-22 04:54:00','2014-05-23 07:16:20','1/2/3/4/6/8/34/35',35,'',0,NULL),(38,'','BENGKULU 5',38,NULL,'','',1,'Afghanistan','','',NULL,NULL,'','Islam','','hub admin untuk pengisian','',NULL,'12345678','','','hub admin untuk pengisian','hub admin untuk pengisian','12345678','arbonish@gmail.com',1,'2014-05-22 04:54:00','2014-05-23 07:22:01','1/2/3/4/6/8/34/35',35,'',1,NULL),(39,'','BENGKULU 6',39,NULL,'','',1,'Afghanistan','','',NULL,NULL,'','Islam','','hub admin untuk pengisian','',NULL,'12345678','','','hub admin untuk pengisian','hub admin untuk pengisian','12345678','arbonish@gmail.com',1,'2014-05-22 04:54:00','2014-05-23 07:23:49','1/2/3/4/6/8/34/36',36,'',0,NULL),(40,'','BENGKULU 7',40,NULL,'','',1,'Afghanistan','','',NULL,NULL,'','Islam','','hub admin untuk pengisian','',NULL,'12345678','','','hub admin untuk pengisian','hub admin untuk pengisian','12345678','arbonish@gmail.com',1,'2014-05-22 04:54:03','2014-05-23 07:26:21','1/2/3/4/6/8/34/36',36,'',1,NULL),(41,'Jagoan','Soni Sudrajat',41,NULL,'','',1,'Indonesia','','',NULL,NULL,'','Islam','Imam Ira','Nurtini','',NULL,'085351425109','','Anak','BCA','Sudrajat,Se','2800669441','brsembilan258@yahoo.com',1,'2014-05-22 22:36:16','2014-05-26 05:09:22','1/2/3/4/7/10/12/13/14/15/16/17/18/19',4,'',0,NULL),(42,'Kenari89','Benni Korian',42,NULL,'','',1,'Indonesia','Nikah','',NULL,NULL,'','Islam','','Lenni Sumiat','Jawa Barat',NULL,'085351425109','','Anak','bca','Benni Korian','0080658907','brsembilan258@yahoo.com',1,'2014-05-22 23:04:41','2014-05-26 03:11:15','1/2/3/4/7/10/12/13/14/15/16/17/18/19/41',4,'',0,NULL),(43,'YUSUF','YUSUF ABDULLAH',99,'2014-05-23','PADANG JAYA','',1,'Indonesia','BELUM MENIKAH','PADANG JAYA',NULL,NULL,'','Islam','','samirah','BENGKULU',NULL,'085369866348','','','BRI','YUSUF ABDULLAH','031801022191507','ustadyusa@gmail.com',1,'2014-05-23 14:39:15','2014-05-23 14:39:15','1/2/3/4/6/8/34/35/37',35,'',0,NULL),(44,'YUSUF','YUSUF ABDULLAH',100,'2014-05-23','PADANG JAYA','',1,'Indonesia','BELUM MENIKAH','PADANG JAYA',NULL,NULL,'','Islam','','samirah','BENGKULU',NULL,'085369866348','','','BRI','YUSUF ABDULLAH','031801022191507','ustadyusa@gmail.com',1,'2014-05-23 14:45:46','2014-05-23 14:45:46','1/2/3/4/6/8/34/35/37/43',43,'',0,NULL),(45,'YUSUF','YUSUF ABDULLAH',43,'2014-05-23','PADANG JAYA','',1,'Indonesia','BELUM MENIKAH','PADANG JAYA',NULL,NULL,'','Islam','','samirah','BENGKULU',NULL,'085369866348','','','BRI','YUSUF ABDULLAH','031801022191507','ustadyusa@gmail.com',1,'2014-05-23 14:55:07','2014-05-23 15:18:13','1/2/3/4/6/8/34/35/37/43',43,'',1,NULL),(46,'YUSUF','YUSUF ABDULLAH',44,'2014-05-23','PADANG JAYA','',1,'Indonesia','BELUM MENIKAH','PADANG JAYA',NULL,NULL,'','Islam','','samirah','BENGKULU',NULL,'085369866348','','','BRI','YUSUF ABDULLAH','031801022191507','ustadyusa@gmail.com',1,'2014-05-23 15:07:47','2014-05-23 15:23:48','1/2/3/4/6/8/34/35/37/43/44',43,'',0,NULL),(47,'YUSUF','YUSUF ABDULLAH',45,'2014-05-23','PADANG JAYA','',1,'Indonesia','BELUM MENIKAH','PADANG JAYA',NULL,NULL,'','Islam','','samirah','BENGKULU',NULL,'085369866348','','','BRI','YUSUF ABDULLAH','031801022191507','ustadyusa@gmail.com',1,'2014-05-23 15:11:04','2014-05-23 15:11:04','1/2/3/4/6/8/34/35/37/43/44',43,'',1,NULL),(48,'YUSUF','YUSUF ABDULLAH',46,'2014-05-23','PADANG JAYA','',1,'Indonesia','BELUM MENIKAH','PADANG JAYA',NULL,NULL,'','Islam','','samirah','BENGKULU',NULL,'085369866348','','','BRI','YUSUF ABDULLAH','031801022191507','ustadyusa@gmail.com',1,'2014-05-23 15:13:37','2014-05-23 15:13:37','1/2/3/4/6/8/34/35/37/43/45',43,'',0,NULL),(49,'YUSUF','YUSUF ABDULLAH',47,'2014-05-23','PADANG JAYA','',1,'Indonesia','BELUM MENIKAH','PADANG JAYA',NULL,NULL,'','Islam','','samirah','BENGKULU',NULL,'085369866348','','','BRI','YUSUF ABDULLAH','031801022191507','ustadyusa@gmail.com',1,'2014-05-23 15:14:50','2014-05-23 15:14:50','1/2/3/4/6/8/34/35/37/43/45',43,'',1,NULL),(50,'RIKA','RIKA KARI',48,'2014-05-06','BENGKULU','',0,'Indonesia','MENIKAH','',NULL,NULL,'073600000000','Islam','ELLY','ELLY','BENGKULU',38612,'081373134256','','IBU','BRI','RIKA KARI','031801018983506','rikakarirk1@gmail.com',1,'2014-05-24 01:37:47','2014-05-24 01:37:47','1/2/3/4/6/8/34/35/37/43/44/46',44,'ARGAMAKMUR',0,NULL),(51,'RIKA','RIKA KARI',49,'2014-05-06','BENGKULU','',0,'Indonesia','MENIKAH','',NULL,NULL,'073600000000','Islam','ELLY','ELLY','BENGKULU',38612,'081373134256','','IBU','BRI','RIKA KARI','031801018983506','rikakarirk1@gmail.com',1,'2014-05-24 01:39:42','2014-05-24 01:39:42','1/2/3/4/6/8/34/35/37/43/44/46/50',50,'ARGAMAKMUR',0,NULL),(52,'RIKA','RIKA KARI',50,'2014-05-06','BENGKULU','',NULL,'Indonesia','MENIKAH','',NULL,NULL,'073600000000','Islam','ELLY','ELLY','BENGKULU',38612,'081373134256','','IBU','BRI','RIKA KARI','031801018983506','rikakarirk1@gmail.com',1,'2014-05-24 01:40:38','2014-05-24 01:40:38','1/2/3/4/6/8/34/35/37/43/44/46/50',50,'ARGAMAKMUR',1,NULL),(53,'RIKA','RIKA KARI',51,'2014-05-06','BENGKULU','',NULL,'Indonesia','MENIKAH','',NULL,NULL,'073600000000','Islam','ELLY','ELLY','BENGKULU',38612,'081373134256','','IBU','BRI','RIKA KARI','031801018983506','rikakarirk1@gmail.com',1,'2014-05-24 01:41:39','2014-05-24 01:41:39','1/2/3/4/6/8/34/35/37/43/44/46/50/51',50,'ARGAMAKMUR',0,NULL),(54,'RIKA','RIKA KARI',52,'2014-05-06','BENGKULU','',NULL,'Indonesia','MENIKAH','',NULL,NULL,'073600000000','Islam','ELLY','ELLY','BENGKULU',38612,'081373134256','','IBU','BRI','RIKA KARI','031801018983506','rikakarirk1@gmail.com',1,'2014-05-24 01:43:54','2014-05-24 01:43:54','1/2/3/4/6/8/34/35/37/43/44/46/50/51',50,'ARGAMAKMUR',1,NULL),(55,'RIKA','RIKA KARI',53,'2014-05-06','BENGKULU','',NULL,'Indonesia','MENIKAH','',NULL,NULL,'073600000000','Islam','ELLY','ELLY','BENGKULU',38612,'081373134256','','IBU','BRI','RIKA KARI','031801018983506','rikakarirk1@gmail.com',1,'2014-05-24 01:45:36','2014-05-24 01:45:36','1/2/3/4/6/8/34/35/37/43/44/46/50/52',50,'ARGAMAKMUR',0,NULL),(56,'RIKA','RIKA KARI',54,'2014-05-06','BENGKULU','',NULL,'Indonesia','MENIKAH','',NULL,NULL,'073600000000','Islam','ELLY','ELLY','BENGKULU',38612,'081373134256','','IBU','BRI','RIKA KARI','031801018983506','rikakarirk1@gmail.com',1,'2014-05-24 01:46:27','2014-05-24 01:46:27','1/2/3/4/6/8/34/35/37/43/44/46/50/52',50,'ARGAMAKMUR',1,NULL),(57,'ATI','HARTIYAH',55,'2014-05-24','BENGKULU','',0,'Indonesia','','SUMBER REJO BLOCK A, KEC. HULU PALIK',NULL,NULL,'073700000000000000','Islam','KASIYAH','KASIYAH','BENGKULU',38374,'082372463754','','IBU','BRI','HARTIYAH','558101000317537','ustadyusa@gmail.com',1,'2014-05-24 02:12:00','2014-05-24 02:12:00','1/2/3/4/6/8/34/35/37/43/44/46/50/51/53',44,'ARGAMAKMUR',0,NULL),(58,'ATI','HARTIYAH',56,'2014-05-24','BENGKULU','',NULL,'Indonesia','','SUMBER REJO BLOCK A, KEC. HULU PALIK',NULL,NULL,'073700000000000000','Islam','KASIYAH','KASIYAH','BENGKULU',38374,'082372463754','','IBU','BRI','HARTIYAH','558101000317537','ustadyusa@gmail.com',1,'2014-05-24 02:13:33','2014-05-24 02:13:33','1/2/3/4/6/8/34/35/37/43/44/46/50/51/53/57',57,'ARGAMAKMUR',0,NULL),(59,'ATI','HARTIYAH',57,'2014-05-24','BENGKULU','',NULL,'Indonesia','','SUMBER REJO BLOCK A, KEC. HULU PALIK',NULL,NULL,'073700000000000000','Islam','KASIYAH','KASIYAH','BENGKULU',38374,'082372463754','','IBU','BRI','HARTIYAH','558101000317537','ustadyusa@gmail.com',1,'2014-05-24 02:14:23','2014-05-24 02:14:23','1/2/3/4/6/8/34/35/37/43/44/46/50/51/53/57',57,'ARGAMAKMUR',1,NULL),(60,'ATI','HARTIYAH',58,'2014-05-24','BENGKULU','',NULL,'Indonesia','','SUMBER REJO BLOCK A, KEC. HULU PALIK',NULL,NULL,'073700000000000000','Islam','KASIYAH','KASIYAH','BENGKULU',38374,'082372463754','','IBU','BRI','HARTIYAH','558101000317537','ustadyusa@gmail.com',1,'2014-05-24 02:15:03','2014-05-24 02:15:03','1/2/3/4/6/8/34/35/37/43/44/46/50/51/53/57/58',57,'ARGAMAKMUR',0,NULL),(61,'ATI','HARTIYAH',59,'2014-05-24','BENGKULU','',NULL,'Indonesia','','SUMBER REJO BLOCK A, KEC. HULU PALIK',NULL,NULL,'073700000000000000','Islam','KASIYAH','KASIYAH','BENGKULU',38374,'082372463754','','IBU','BRI','HARTIYAH','558101000317537','ustadyusa@gmail.com',1,'2014-05-24 02:16:14','2014-05-24 02:16:14','1/2/3/4/6/8/34/35/37/43/44/46/50/51/53/57/58',57,'ARGAMAKMUR',1,NULL),(62,'ATI','HARTIYAH',60,'2014-05-24','BENGKULU','',NULL,'Indonesia','','SUMBER REJO BLOCK A, KEC. HULU PALIK',NULL,NULL,'073700000000000000','Islam','KASIYAH','KASIYAH','BENGKULU',38374,'082372463754','','IBU','BRI','HARTIYAH','558101000317537','ustadyusa@gmail.com',1,'2014-05-24 02:17:02','2014-05-24 02:17:02','1/2/3/4/6/8/34/35/37/43/44/46/50/51/53/57/59',57,'ARGAMAKMUR',0,NULL),(63,'ATI','HARTIYAH',61,'2014-05-24','BENGKULU','',NULL,'Indonesia','','SUMBER REJO BLOCK A, KEC. HULU PALIK',NULL,NULL,'073700000000000000','Islam','KASIYAH','KASIYAH','BENGKULU',38374,'082372463754','','IBU','BRI','HARTIYAH','558101000317537','ustadyusa@gmail.com',1,'2014-05-24 02:17:48','2014-05-24 02:17:48','1/2/3/4/6/8/34/35/37/43/44/46/50/51/53/57/59',57,'ARGAMAKMUR',1,NULL),(64,'SANTY','MERCY SUSANTY',62,NULL,'','',0,'Indonesia','','',NULL,NULL,'','Islam','','XXX','',NULL,'085378941122','','','BRI','MERCY SANTY','031801023431502','SANTI@YMAIL.COM',1,'2014-05-24 09:55:02','2014-05-24 09:55:02','1/2/3/4/6/8/34/35/37/43/44/46/50/51/53/57/58/60',51,'ARGAMAKMUR',0,NULL),(65,'SANTY','MERCY SUSANTY',63,NULL,'','',0,'Indonesia','','',NULL,NULL,'','Islam','','XXX','',NULL,'085378941122','','','BRI','MERCY SANTY','031801023431502','SANTI@YMAIL.COM',1,'2014-05-24 09:57:44','2014-05-24 09:57:44','1/2/3/4/6/8/34/35/37/43/44/46/50/51/53/57/58/60/64',64,'ARGAMAKMUR',0,NULL),(66,'SANTY','MERCY SUSANTY',64,NULL,'','',0,'Indonesia','','',NULL,NULL,'','Islam','','XXX','',NULL,'085378941122','','','BRI','MERCY SANTY','031801023431502','SANTI@YMAIL.COM',1,'2014-05-24 09:59:16','2014-05-24 09:59:16','1/2/3/4/6/8/34/35/37/43/44/46/50/51/53/57/58/60/64',64,'ARGAMAKMUR',1,NULL),(67,'DEWI','DEWI APRIANTI',65,NULL,'','',0,'Indonesia','','',NULL,NULL,'','Islam','','HERAWATI','',NULL,'085215060884','','','BRI','DEWI APRIANTI','031801019905501','DEWI.BISDA25@GMAIL.COM',1,'2014-05-24 10:11:32','2014-05-24 10:11:32','1/2/3/4/6/8/34/35/37/43/44/46/50/51/53/57/58/60/64/65',51,'ARGAMAKMUR',0,NULL),(68,'ROS','ROSNASARI',66,'1943-12-15','','',0,'Indonesia','','',NULL,NULL,'','Kristen','KRISDA YULIANTI','XXX','',NULL,'085268733909','','ANAK KANDUNG','BCA','ROSNASARI','0580561209','OMAROSE@YMAIL.COM',1,'2014-05-24 10:17:11','2014-05-24 10:17:11','1/2/3/4/6/8/34/35/37',35,'BENGKULU',1,NULL),(69,'Kenari89','Benni Korian',71,NULL,'','',NULL,'Indonesia','Nikah','',NULL,NULL,'','Islam','','Lenni Sumiat','Jawa Barat',NULL,'085351425109','','Anak','bca','Benni Korian','0080658907','brsembilan258@yahoo.com',1,'2014-05-26 03:30:33','2014-05-26 03:30:33','1/2/3/4/7/10/12/13/14/15/16/17/18/19/41/42',42,'',0,NULL),(70,'Kenari89','Benni Korian',72,NULL,'','',NULL,'Indonesia','Nikah','',NULL,NULL,'','Islam','','Lenni Sumiat','Jawa Barat',NULL,'085351425109','','Anak','bca','Benni Korian','0080658907','brsembilan258@yahoo.com',1,'2014-05-26 03:32:15','2014-05-26 03:32:15','1/2/3/4/7/10/12/13/14/15/16/17/18/19/41/42',42,'',1,NULL),(71,'Garuda','Tete Saripin',73,NULL,'','',NULL,'Indonesia','','',NULL,NULL,'','Islam','','A Sutini','',NULL,'081321866494','','','BCA','Tete Saripin','7750436085','tetesaripin@gmail.com',1,'2014-05-26 04:27:45','2014-05-26 04:27:45','1/2/3/4/7/10/12/13/14/15/16/17/18/19/41/42/69',10,'',0,NULL),(72,'Yuniar Sutiana','Yuniar Sutiana',75,NULL,'','',0,'Indonesia','Nikah','Cijerah',NULL,NULL,'','Islam','','Siti Titi Sadiyah','',NULL,'082116060668','','','BCA','Yuniar Sutiana','1571267760','yayu_ys@yahoo.com',1,'2014-05-26 15:43:25','2014-05-26 15:43:25','1/2/3/4/7/10/12/13/14/15/16/17/18/19/41/42/69/71',17,'sumber sari',0,NULL),(73,'HALOMOAN L TOBING,SH','HALOMOAN L TOBING,SH',74,'1957-12-23','LUBUK PAKAM','1271212312570001',1,'Indonesia','','Jln.Bunga n .Medmpet gg Buntu no.4 Kel.PB Selayang II Kec.Medan Selayang Kota Medan',NULL,NULL,'','Kristen','Anak','Rumi pangaribuan','Sumatra Utara',20131,'081362101957','','Anak','Mandiri','Halomoan L Tobing','1050005597376','dopayoel@gmail.com',1,'2014-05-26 16:01:26','2014-05-27 09:09:58','1/2/3/4/7/10/12/13/14/15/16/17/18/19/41/42/69/71/72',17,'',0,NULL);
/*!40000 ALTER TABLE `members` ENABLE KEYS */;
UNLOCK TABLES;

--
-- Table structure for table `messages`
--

DROP TABLE IF EXISTS `messages`;
/*!40101 SET @saved_cs_client     = @@character_set_client */;
/*!40101 SET character_set_client = utf8 */;
CREATE TABLE `messages` (
  `id` int(11) NOT NULL AUTO_INCREMENT,
  `sender_id` int(11) DEFAULT NULL,
  `receiver_id` int(11) DEFAULT NULL,
  `subject` varchar(255) COLLATE utf8_unicode_ci DEFAULT NULL,
  `content` text COLLATE utf8_unicode_ci,
  `created_at` datetime DEFAULT NULL,
  `updated_at` datetime DEFAULT NULL,
  PRIMARY KEY (`id`)
) ENGINE=InnoDB DEFAULT CHARSET=utf8 COLLATE=utf8_unicode_ci;
/*!40101 SET character_set_client = @saved_cs_client */;

--
-- Dumping data for table `messages`
--

LOCK TABLES `messages` WRITE;
/*!40000 ALTER TABLE `messages` DISABLE KEYS */;
/*!40000 ALTER TABLE `messages` ENABLE KEYS */;
UNLOCK TABLES;

--
-- Table structure for table `roles`
--

DROP TABLE IF EXISTS `roles`;
/*!40101 SET @saved_cs_client     = @@character_set_client */;
/*!40101 SET character_set_client = utf8 */;
CREATE TABLE `roles` (
  `id` int(11) NOT NULL AUTO_INCREMENT,
  `name` varchar(255) COLLATE utf8_unicode_ci DEFAULT NULL,
  `created_at` datetime DEFAULT NULL,
  `updated_at` datetime DEFAULT NULL,
  PRIMARY KEY (`id`)
) ENGINE=InnoDB DEFAULT CHARSET=utf8 COLLATE=utf8_unicode_ci;
/*!40101 SET character_set_client = @saved_cs_client */;

--
-- Dumping data for table `roles`
--

LOCK TABLES `roles` WRITE;
/*!40000 ALTER TABLE `roles` DISABLE KEYS */;
/*!40000 ALTER TABLE `roles` ENABLE KEYS */;
UNLOCK TABLES;

--
-- Table structure for table `schema_migrations`
--

DROP TABLE IF EXISTS `schema_migrations`;
/*!40101 SET @saved_cs_client     = @@character_set_client */;
/*!40101 SET character_set_client = utf8 */;
CREATE TABLE `schema_migrations` (
  `version` varchar(255) COLLATE utf8_unicode_ci NOT NULL,
  UNIQUE KEY `unique_schema_migrations` (`version`)
) ENGINE=InnoDB DEFAULT CHARSET=utf8 COLLATE=utf8_unicode_ci;
/*!40101 SET character_set_client = @saved_cs_client */;

--
-- Dumping data for table `schema_migrations`
--

LOCK TABLES `schema_migrations` WRITE;
/*!40000 ALTER TABLE `schema_migrations` DISABLE KEYS */;
INSERT INTO `schema_migrations` VALUES ('20130929124151'),('20140216053554'),('20140216055640'),('20140223032155'),('20140225124022'),('20140301232827'),('20140301234037'),('20140302095139'),('20140302101004'),('20140512144822'),('20140513080236'),('20140513080414'),('20140513080524'),('20140513081220'),('20140514035432'),('20140523032716');
/*!40000 ALTER TABLE `schema_migrations` ENABLE KEYS */;
UNLOCK TABLES;

--
-- Table structure for table `serial_data`
--

DROP TABLE IF EXISTS `serial_data`;
/*!40101 SET @saved_cs_client     = @@character_set_client */;
/*!40101 SET character_set_client = utf8 */;
CREATE TABLE `serial_data` (
  `id` int(11) NOT NULL AUTO_INCREMENT,
  `serial` varchar(255) COLLATE utf8_unicode_ci DEFAULT NULL,
  `pin` varchar(255) COLLATE utf8_unicode_ci DEFAULT NULL,
  `status` tinyint(1) DEFAULT NULL,
  `created_at` datetime DEFAULT NULL,
  `updated_at` datetime DEFAULT NULL,
  `terkirim` tinyint(1) DEFAULT NULL,
  `waktu_terkirim` datetime DEFAULT NULL,
  PRIMARY KEY (`id`)
) ENGINE=InnoDB AUTO_INCREMENT=1001 DEFAULT CHARSET=utf8 COLLATE=utf8_unicode_ci;
/*!40101 SET character_set_client = @saved_cs_client */;

--
-- Dumping data for table `serial_data`
--

LOCK TABLES `serial_data` WRITE;
/*!40000 ALTER TABLE `serial_data` DISABLE KEYS */;
INSERT INTO `serial_data` VALUES (1,'EMI4DA32B','026CF9',1,'2014-05-21 19:41:10','2014-05-23 07:38:39',1,'2014-05-23 00:00:00'),(2,'EMIE6CAE9','168D04',1,'2014-05-21 19:41:10','2014-05-23 07:38:39',1,'2014-05-23 00:00:00'),(3,'EMIF7BDEC','4318FC',1,'2014-05-21 19:41:10','2014-05-23 07:38:39',1,'2014-05-23 00:00:00'),(4,'EMI78740C','498415',1,'2014-05-21 19:41:10','2014-05-23 07:38:39',1,'2014-05-23 00:00:00'),(5,'EMIE4D22C','5802D4',1,'2014-05-21 19:41:10','2014-05-23 07:38:39',1,'2014-05-23 00:00:00'),(6,'EMIBA500D','3A532B',1,'2014-05-21 19:41:10','2014-05-23 07:38:39',1,'2014-05-23 00:00:00'),(7,'EMI1513A2','581636',1,'2014-05-21 19:41:10','2014-05-23 07:38:39',1,'2014-05-23 00:00:00'),(8,'EMIF97486','9D653F',1,'2014-05-21 19:41:10','2014-05-23 07:38:39',1,'2014-05-23 00:00:00'),(9,'EMI657E52','575FB5',1,'2014-05-21 19:41:10','2014-05-23 07:38:39',1,'2014-05-23 00:00:00'),(10,'EMIE7D9DB','E3DAE7',1,'2014-05-21 19:41:10','2014-05-23 07:38:39',1,'2014-05-23 00:00:00'),(11,'EMI516D11','579B25',1,'2014-05-21 19:41:10','2014-05-23 07:38:39',1,'2014-05-23 00:00:00'),(12,'EMIB0FB51','4D4946',1,'2014-05-21 19:41:10','2014-05-23 07:38:39',1,'2014-05-23 00:00:00'),(13,'EMI64B715','857103',1,'2014-05-21 19:41:10','2014-05-23 07:38:39',1,'2014-05-23 00:00:00'),(14,'EMI98B601','9D5C62',1,'2014-05-21 19:41:10','2014-05-23 07:38:39',1,'2014-05-23 00:00:00'),(15,'EMI74BF28','965733',1,'2014-05-21 19:41:10','2014-05-23 07:38:39',1,'2014-05-23 00:00:00'),(16,'EMIB07477','4605AB',1,'2014-05-21 19:41:10','2014-05-23 07:38:39',1,'2014-05-23 00:00:00'),(17,'EMI9C8577','106279',1,'2014-05-21 19:41:10','2014-05-23 07:38:39',1,'2014-05-23 00:00:00'),(18,'EMI97566F','A4C761',1,'2014-05-21 19:41:10','2014-05-23 07:38:39',1,'2014-05-23 00:00:00'),(19,'EMID1BE15','EB69E4',1,'2014-05-21 19:41:10','2014-05-23 07:38:39',1,'2014-05-23 00:00:00'),(20,'EMI8308A6','A378D6',1,'2014-05-21 19:41:10','2014-05-23 07:38:39',1,'2014-05-23 00:00:00'),(21,'EMIA802D2','97A32F',1,'2014-05-21 19:41:10','2014-05-23 07:38:39',1,'2014-05-23 00:00:00'),(22,'EMI944BA4','489445',1,'2014-05-21 19:41:10','2014-05-23 07:38:39',1,'2014-05-23 00:00:00'),(23,'EMIE60DEC','28B51C',1,'2014-05-21 19:41:10','2014-05-23 07:38:39',1,'2014-05-23 00:00:00'),(24,'EMIA6F02A','560E72',1,'2014-05-21 19:41:10','2014-05-23 07:38:39',1,'2014-05-23 00:00:00'),(25,'EMIDC2BB8','264D9C',1,'2014-05-21 19:41:10','2014-05-23 07:38:39',1,'2014-05-23 00:00:00'),(26,'EMI9DFCE3','85B2AE',1,'2014-05-21 19:41:10','2014-05-23 07:38:39',1,'2014-05-23 00:00:00'),(27,'EMI36B230','E19A61',1,'2014-05-21 19:41:10','2014-05-23 07:38:39',1,'2014-05-23 00:00:00'),(28,'EMIF450B8','31E6FD',1,'2014-05-21 19:41:10','2014-05-23 07:38:39',1,'2014-05-23 00:00:00'),(29,'EMI34DE04','1E6452',1,'2014-05-21 19:41:10','2014-05-23 07:38:39',1,'2014-05-23 00:00:00'),(30,'EMI071D22','280586',1,'2014-05-21 19:41:10','2014-05-23 07:38:39',1,'2014-05-23 00:00:00'),(31,'EMI4B816F','E53361',1,'2014-05-21 19:41:10','2014-05-23 07:38:39',1,'2014-05-23 00:00:00'),(32,'EMICB663D','8BC38D',1,'2014-05-21 19:41:10','2014-05-23 07:38:39',1,'2014-05-23 00:00:00'),(33,'EMIBD0810','22F9C5',1,'2014-05-21 19:41:10','2014-05-23 07:38:39',1,'2014-05-23 00:00:00'),(34,'EMI035D42','0C7F7B',1,'2014-05-21 19:41:10','2014-05-23 04:11:35',1,'2014-05-23 00:00:00'),(35,'EMI3456AE','B9F089',1,'2014-05-21 19:41:10','2014-05-23 04:11:35',1,'2014-05-23 00:00:00'),(36,'EMI9CF2C3','47C92F',1,'2014-05-21 19:41:10','2014-05-23 04:11:35',1,'2014-05-23 00:00:00'),(37,'EMIC3C3BF','5F7188',1,'2014-05-21 19:41:10','2014-05-23 04:11:35',1,'2014-05-23 00:00:00'),(38,'EMI321577','EC9A32',1,'2014-05-21 19:41:10','2014-05-23 04:11:35',1,'2014-05-23 00:00:00'),(39,'EMI54AE10','422BD0',1,'2014-05-21 19:41:10','2014-05-23 04:11:35',1,'2014-05-23 00:00:00'),(40,'EMIEFC7D0','A78022',1,'2014-05-21 19:41:10','2014-05-23 04:11:35',1,'2014-05-23 00:00:00'),(41,'EMI36618D','DEDBEB',1,'2014-05-21 19:41:10','2014-05-23 04:24:10',1,'2014-05-23 00:00:00'),(42,'EMI5C01D0','AEAABE',1,'2014-05-21 19:41:10','2014-05-23 04:24:10',1,'2014-05-23 00:00:00'),(43,'EMIC93EA4','6A13E0',1,'2014-05-21 19:41:10','2014-05-23 04:24:10',1,'2014-05-23 00:00:00'),(44,'EMIEA746C','448A1E',1,'2014-05-21 19:41:10','2014-05-23 04:24:10',1,'2014-05-23 00:00:00'),(45,'EMI2302D6','C62F73',1,'2014-05-21 19:41:10','2014-05-23 04:24:10',1,'2014-05-23 00:00:00'),(46,'EMI9770A0','C9BC2D',1,'2014-05-21 19:41:10','2014-05-23 04:24:10',1,'2014-05-23 00:00:00'),(47,'EMIEDCC68','2C1085',1,'2014-05-21 19:41:10','2014-05-23 04:24:10',1,'2014-05-23 00:00:00'),(48,'EMICC8F0E','3442D4',1,'2014-05-21 19:41:10','2014-05-23 04:24:10',1,'2014-05-23 00:00:00'),(49,'EMI0CE712','70F40C',1,'2014-05-21 19:41:10','2014-05-23 04:24:10',1,'2014-05-23 00:00:00'),(50,'EMIA2FA0D','BA679A',1,'2014-05-21 19:41:10','2014-05-23 04:24:10',1,'2014-05-23 00:00:00'),(51,'EMI346AC9','2AB9AB',1,'2014-05-21 19:41:10','2014-05-23 04:24:10',1,'2014-05-23 00:00:00'),(52,'EMI500970','2069AF',1,'2014-05-21 19:41:10','2014-05-23 04:24:10',1,'2014-05-23 00:00:00'),(53,'EMI6C8E04','951D54',1,'2014-05-21 19:41:10','2014-05-23 04:24:10',1,'2014-05-23 00:00:00'),(54,'EMI7332C0','CA687F',1,'2014-05-21 19:41:10','2014-05-23 04:24:10',1,'2014-05-23 00:00:00'),(55,'EMIAB6105','F09F26',1,'2014-05-21 19:41:10','2014-05-23 04:24:10',1,'2014-05-23 00:00:00'),(56,'EMI21E33E','CA0769',1,'2014-05-21 19:41:10','2014-05-23 04:24:10',1,'2014-05-23 00:00:00'),(57,'EMIECB5F6','428980',1,'2014-05-21 19:41:10','2014-05-23 04:24:10',1,'2014-05-23 00:00:00'),(58,'EMI538739','74D062',1,'2014-05-21 19:41:10','2014-05-23 04:24:10',1,'2014-05-23 00:00:00'),(59,'EMIAACE16','1D9ADC',1,'2014-05-21 19:41:10','2014-05-23 04:24:10',1,'2014-05-23 00:00:00'),(60,'EMIF2095B','79002C',1,'2014-05-21 19:41:10','2014-05-23 04:24:10',1,'2014-05-23 00:00:00'),(61,'EMI3FEDCD','892BF4',1,'2014-05-21 19:41:10','2014-05-23 04:24:10',1,'2014-05-23 00:00:00'),(62,'EMI220D9D','9E0EC5',1,'2014-05-21 19:41:10','2014-05-23 04:24:10',1,'2014-05-23 00:00:00'),(63,'EMI022560','30430E',1,'2014-05-21 19:41:10','2014-05-23 04:24:10',1,'2014-05-23 00:00:00'),(64,'EMIA55BE7','FB7222',1,'2014-05-21 19:41:10','2014-05-23 04:24:10',1,'2014-05-23 00:00:00'),(65,'EMI17A3DD','729AC9',1,'2014-05-21 19:41:10','2014-05-23 04:24:10',1,'2014-05-23 00:00:00'),(66,'EMI516C83','713F64',1,'2014-05-21 19:41:10','2014-05-23 04:24:10',1,'2014-05-23 00:00:00'),(67,'EMIAAF831','4474EF',1,'2014-05-21 19:41:10','2014-05-23 04:24:10',1,'2014-05-23 00:00:00'),(68,'EMI61DFBA','8CB7FD',1,'2014-05-21 19:41:10','2014-05-23 04:24:10',1,'2014-05-23 00:00:00'),(69,'EMI86CE0E','58DB77',1,'2014-05-21 19:41:10','2014-05-23 04:24:10',1,'2014-05-23 00:00:00'),(70,'EMI99685B','EB82EE',1,'2014-05-21 19:41:10','2014-05-23 04:24:10',1,'2014-05-23 00:00:00'),(71,'EMI79C1DC','534F26',1,'2014-05-21 19:41:10','2014-05-27 01:25:13',1,'2014-05-26 00:00:00'),(72,'EMI86777A','4B9DA1',1,'2014-05-21 19:41:10','2014-05-27 01:25:13',1,'2014-05-26 00:00:00'),(73,'EMI7CC3DE','05656C',1,'2014-05-21 19:41:10','2014-05-27 01:25:13',1,'2014-05-26 00:00:00'),(74,'EMI0BE452','35156C',1,'2014-05-21 19:41:10','2014-05-27 01:25:13',1,'2014-05-26 00:00:00'),(75,'EMI43F21C','7B1B92',1,'2014-05-21 19:41:10','2014-05-27 01:25:13',1,'2014-05-26 00:00:00'),(76,'EMI94E6EC','0024BE',1,'2014-05-21 19:41:10','2014-05-21 19:41:10',NULL,NULL),(77,'EMICC6A85','B30CB4',1,'2014-05-21 19:41:10','2014-05-21 19:41:10',NULL,NULL),(78,'EMIB459C6','711A41',1,'2014-05-21 19:41:10','2014-05-21 19:41:10',NULL,NULL),(79,'EMI49CCBB','D6BCFF',1,'2014-05-21 19:41:10','2014-05-21 19:41:10',NULL,NULL),(80,'EMI20A99B','35CFAF',1,'2014-05-21 19:41:10','2014-05-21 19:41:10',NULL,NULL),(81,'EMIEC74D6','DF6671',1,'2014-05-21 19:41:10','2014-05-21 19:41:10',NULL,NULL),(82,'EMI8F3227','EDFB50',1,'2014-05-21 19:41:10','2014-05-21 19:41:10',NULL,NULL),(83,'EMI9E48D7','F5FD4C',1,'2014-05-21 19:41:10','2014-05-21 19:41:10',NULL,NULL),(84,'EMIAC55BA','FE16FE',1,'2014-05-21 19:41:10','2014-05-21 19:41:10',NULL,NULL),(85,'EMI8D61F0','9F54C7',1,'2014-05-21 19:41:10','2014-05-21 19:41:10',NULL,NULL),(86,'EMID6DF08','4918EF',1,'2014-05-21 19:41:10','2014-05-21 19:41:10',NULL,NULL),(87,'EMI465CF0','0775D5',1,'2014-05-21 19:41:10','2014-05-21 19:41:10',NULL,NULL),(88,'EMIA55EDF','DBAB09',1,'2014-05-21 19:41:10','2014-05-21 19:41:10',NULL,NULL),(89,'EMI539B9D','461583',1,'2014-05-21 19:41:10','2014-05-21 19:41:10',NULL,NULL),(90,'EMI58A710','8E2136',1,'2014-05-21 19:41:10','2014-05-21 19:41:10',NULL,NULL),(91,'EMI08FC02','FA19C1',1,'2014-05-21 19:41:10','2014-05-21 19:41:10',NULL,NULL),(92,'EMI888701','B1BC16',1,'2014-05-21 19:41:10','2014-05-21 19:41:10',NULL,NULL),(93,'EMI9A4422','BA9275',1,'2014-05-21 19:41:10','2014-05-21 19:41:10',NULL,NULL),(94,'EMI9FB089','5D2966',1,'2014-05-21 19:41:10','2014-05-21 19:41:10',NULL,NULL),(95,'EMI319A3E','67379B',1,'2014-05-21 19:41:10','2014-05-21 19:41:10',NULL,NULL),(96,'EMIE56275','9E220F',1,'2014-05-21 19:41:10','2014-05-21 19:41:10',NULL,NULL),(97,'EMI6D8CA3','5DC42A',1,'2014-05-21 19:41:10','2014-05-21 19:41:10',NULL,NULL),(98,'EMIB25ABA','1B7ACB',1,'2014-05-21 19:41:10','2014-05-21 19:41:10',NULL,NULL),(99,'EMIB0035D','544DE9',1,'2014-05-21 19:41:10','2014-05-23 09:05:13',1,'2014-05-23 00:00:00'),(100,'EMI6D50C9','2B5BFB',1,'2014-05-21 19:41:10','2014-05-23 09:05:13',1,'2014-05-23 00:00:00'),(101,'EMIE4EFD0','BA2102',1,'2014-05-21 19:41:10','2014-05-21 19:41:10',NULL,NULL),(102,'EMI79D858','811923',1,'2014-05-21 19:41:10','2014-05-21 19:41:10',NULL,NULL),(103,'EMIA7FABD','0CC658',1,'2014-05-21 19:41:10','2014-05-21 19:41:10',NULL,NULL),(104,'EMI011A77','5044BB',1,'2014-05-21 19:41:10','2014-05-21 19:41:10',NULL,NULL),(105,'EMIDF90CE','C5FFCB',1,'2014-05-21 19:41:10','2014-05-21 19:41:10',NULL,NULL),(106,'EMI1924AC','D37D78',1,'2014-05-21 19:41:10','2014-05-21 19:41:10',NULL,NULL),(107,'EMIEDBDF4','64B616',1,'2014-05-21 19:41:10','2014-05-21 19:41:10',NULL,NULL),(108,'EMIDFC42A','EA7463',1,'2014-05-21 19:41:10','2014-05-21 19:41:10',NULL,NULL),(109,'EMI00022A','AE260F',1,'2014-05-21 19:41:10','2014-05-21 19:41:10',NULL,NULL),(110,'EMIAD5560','2BDD0E',1,'2014-05-21 19:41:10','2014-05-21 19:41:10',NULL,NULL),(111,'EMI09423C','A353A1',1,'2014-05-21 19:41:10','2014-05-21 19:41:10',NULL,NULL),(112,'EMI4B8772','6572BD',1,'2014-05-21 19:41:10','2014-05-21 19:41:10',NULL,NULL),(113,'EMI18B840','AC8F22',1,'2014-05-21 19:41:10','2014-05-21 19:41:10',NULL,NULL),(114,'EMIA1CFE2','CF41EE',1,'2014-05-21 19:41:10','2014-05-21 19:41:10',NULL,NULL),(115,'EMICDB0BD','1CF076',1,'2014-05-21 19:41:10','2014-05-21 19:41:10',NULL,NULL),(116,'EMIFD606B','9CC7BA',1,'2014-05-21 19:41:10','2014-05-21 19:41:10',NULL,NULL),(117,'EMICD58FD','92B1A3',1,'2014-05-21 19:41:10','2014-05-21 19:41:10',NULL,NULL),(118,'EMI1DCD44','1C01CA',1,'2014-05-21 19:41:10','2014-05-21 19:41:10',NULL,NULL),(119,'EMIF2E96A','A2322C',1,'2014-05-21 19:41:10','2014-05-21 19:41:10',NULL,NULL),(120,'EMI93CDE0','A9006E',1,'2014-05-21 19:41:10','2014-05-21 19:41:10',NULL,NULL),(121,'EMI3A19ED','F462CB',1,'2014-05-21 19:41:10','2014-05-21 19:41:10',NULL,NULL),(122,'EMI0ECD25','2BB797',1,'2014-05-21 19:41:10','2014-05-21 19:41:10',NULL,NULL),(123,'EMI1E36CA','5F7039',1,'2014-05-21 19:41:10','2014-05-21 19:41:10',NULL,NULL),(124,'EMIF67300','349962',1,'2014-05-21 19:41:10','2014-05-21 19:41:10',NULL,NULL),(125,'EMI1F81DA','093DBE',1,'2014-05-21 19:41:10','2014-05-21 19:41:10',NULL,NULL),(126,'EMI3D2653','724852',1,'2014-05-21 19:41:10','2014-05-21 19:41:10',NULL,NULL),(127,'EMIBB8F17','0F0736',1,'2014-05-21 19:41:10','2014-05-21 19:41:10',NULL,NULL),(128,'EMI337C93','C87245',1,'2014-05-21 19:41:10','2014-05-21 19:41:10',NULL,NULL),(129,'EMIDF0AB3','E845DE',1,'2014-05-21 19:41:11','2014-05-21 19:41:11',NULL,NULL),(130,'EMIC3FC72','F60A51',1,'2014-05-21 19:41:11','2014-05-21 19:41:11',NULL,NULL),(131,'EMI42EB25','1D95B2',1,'2014-05-21 19:41:11','2014-05-21 19:41:11',NULL,NULL),(132,'EMI60E960','68C297',1,'2014-05-21 19:41:11','2014-05-21 19:41:11',NULL,NULL),(133,'EMI2C104E','4700B5',1,'2014-05-21 19:41:11','2014-05-21 19:41:11',NULL,NULL),(134,'EMI3BD3E9','A25699',1,'2014-05-21 19:41:11','2014-05-21 19:41:11',NULL,NULL),(135,'EMI72BD13','D97E43',1,'2014-05-21 19:41:11','2014-05-21 19:41:11',NULL,NULL),(136,'EMI6E03FA','41FE8F',1,'2014-05-21 19:41:11','2014-05-21 19:41:11',NULL,NULL),(137,'EMI6C7E3D','078572',1,'2014-05-21 19:41:11','2014-05-21 19:41:11',NULL,NULL),(138,'EMI0171DB','BF11A0',1,'2014-05-21 19:41:11','2014-05-21 19:41:11',NULL,NULL),(139,'EMICAD7A8','0994FE',1,'2014-05-21 19:41:11','2014-05-21 19:41:11',NULL,NULL),(140,'EMIF095B2','283200',1,'2014-05-21 19:41:11','2014-05-21 19:41:11',NULL,NULL),(141,'EMIE92F97','8A5A69',1,'2014-05-21 19:41:11','2014-05-21 19:41:11',NULL,NULL),(142,'EMIA83C2C','B2C36A',1,'2014-05-21 19:41:11','2014-05-21 19:41:11',NULL,NULL),(143,'EMI5D305D','D1250B',1,'2014-05-21 19:41:11','2014-05-21 19:41:11',NULL,NULL),(144,'EMI23E5C2','6F2C2F',1,'2014-05-21 19:41:11','2014-05-21 19:41:11',NULL,NULL),(145,'EMICEA0DE','108E4B',1,'2014-05-21 19:41:11','2014-05-21 19:41:11',NULL,NULL),(146,'EMI4D0125','202FE5',1,'2014-05-21 19:41:11','2014-05-21 19:41:11',NULL,NULL),(147,'EMI159065','608533',1,'2014-05-21 19:41:11','2014-05-21 19:41:11',NULL,NULL),(148,'EMI413635','5DF680',1,'2014-05-21 19:41:11','2014-05-21 19:41:11',NULL,NULL),(149,'EMI53F2FC','7B2917',1,'2014-05-21 19:41:11','2014-05-21 19:41:11',NULL,NULL),(150,'EMIC88128','48EF1C',1,'2014-05-21 19:41:11','2014-05-21 19:41:11',NULL,NULL),(151,'EMIF1BAF1','580F26',1,'2014-05-21 19:41:11','2014-05-21 19:41:11',NULL,NULL),(152,'EMI6D881C','EA9583',1,'2014-05-21 19:41:11','2014-05-21 19:41:11',NULL,NULL),(153,'EMIE72D35','94EC82',1,'2014-05-21 19:41:11','2014-05-21 19:41:11',NULL,NULL),(154,'EMI3BAA67','5FCA19',1,'2014-05-21 19:41:11','2014-05-21 19:41:11',NULL,NULL),(155,'EMI7D410A','4B6459',1,'2014-05-21 19:41:11','2014-05-21 19:41:11',NULL,NULL),(156,'EMI7BE7B1','A6B1D0',1,'2014-05-21 19:41:11','2014-05-21 19:41:11',NULL,NULL),(157,'EMID9297E','748AE8',1,'2014-05-21 19:41:11','2014-05-21 19:41:11',NULL,NULL),(158,'EMIDDCE0C','0F0C52',1,'2014-05-21 19:41:11','2014-05-21 19:41:11',NULL,NULL),(159,'EMI87D8F0','4DB256',1,'2014-05-21 19:41:11','2014-05-21 19:41:11',NULL,NULL),(160,'EMIF60318','CE23CF',1,'2014-05-21 19:41:11','2014-05-21 19:41:11',NULL,NULL),(161,'EMI2E5DB2','B3A527',1,'2014-05-21 19:41:11','2014-05-21 19:41:11',NULL,NULL),(162,'EMIAC6399','00211F',1,'2014-05-21 19:41:11','2014-05-21 19:41:11',NULL,NULL),(163,'EMI35BF7F','0A8714',1,'2014-05-21 19:41:11','2014-05-21 19:41:11',NULL,NULL),(164,'EMID45A1B','6DF3BB',1,'2014-05-21 19:41:11','2014-05-21 19:41:11',NULL,NULL),(165,'EMI6C68E0','2D9CD6',1,'2014-05-21 19:41:11','2014-05-21 19:41:11',NULL,NULL),(166,'EMI3EF734','ABBDCC',1,'2014-05-21 19:41:11','2014-05-21 19:41:11',NULL,NULL),(167,'EMI609FD8','8316D5',1,'2014-05-21 19:41:11','2014-05-21 19:41:11',NULL,NULL),(168,'EMI9F849F','40A16D',1,'2014-05-21 19:41:11','2014-05-21 19:41:11',NULL,NULL),(169,'EMI82063B','E4AC73',1,'2014-05-21 19:41:11','2014-05-21 19:41:11',NULL,NULL),(170,'EMI1173B0','B174D7',1,'2014-05-21 19:41:11','2014-05-21 19:41:11',NULL,NULL),(171,'EMI4D5EFE','124ACF',1,'2014-05-21 19:41:11','2014-05-21 19:41:11',NULL,NULL),(172,'EMI5152B0','E8652F',1,'2014-05-21 19:41:11','2014-05-21 19:41:11',NULL,NULL),(173,'EMI4D63D2','5C3B24',1,'2014-05-21 19:41:11','2014-05-21 19:41:11',NULL,NULL),(174,'EMI79E6BB','337BBD',1,'2014-05-21 19:41:11','2014-05-21 19:41:11',NULL,NULL),(175,'EMIE57F01','1EE88C',1,'2014-05-21 19:41:11','2014-05-21 19:41:11',NULL,NULL),(176,'EMI15AF28','FDB007',1,'2014-05-21 19:41:11','2014-05-21 19:41:11',NULL,NULL),(177,'EMI30F6B0','66E672',1,'2014-05-21 19:41:11','2014-05-21 19:41:11',NULL,NULL),(178,'EMI6593E8','5830DA',1,'2014-05-21 19:41:11','2014-05-21 19:41:11',NULL,NULL),(179,'EMI814DE9','C67F09',1,'2014-05-21 19:41:11','2014-05-21 19:41:11',NULL,NULL),(180,'EMIB39B8D','655125',1,'2014-05-21 19:41:11','2014-05-21 19:41:11',NULL,NULL),(181,'EMI06C5B2','79B880',1,'2014-05-21 19:41:11','2014-05-21 19:41:11',NULL,NULL),(182,'EMI360AD7','164422',1,'2014-05-21 19:41:11','2014-05-21 19:41:11',NULL,NULL),(183,'EMIF1F6F5','6CD8AD',1,'2014-05-21 19:41:11','2014-05-21 19:41:11',NULL,NULL),(184,'EMI855907','7714C6',1,'2014-05-21 19:41:11','2014-05-21 19:41:11',NULL,NULL),(185,'EMIA5D7E0','4C6B95',1,'2014-05-21 19:41:11','2014-05-21 19:41:11',NULL,NULL),(186,'EMI1F2BF3','71DC8E',1,'2014-05-21 19:41:11','2014-05-21 19:41:11',NULL,NULL),(187,'EMI0EAE65','7796D1',1,'2014-05-21 19:41:11','2014-05-21 19:41:11',NULL,NULL),(188,'EMI4E3DF8','4ED445',1,'2014-05-21 19:41:11','2014-05-21 19:41:11',NULL,NULL),(189,'EMI4563B7','65D845',1,'2014-05-21 19:41:11','2014-05-21 19:41:11',NULL,NULL),(190,'EMI9AF6AA','579C4F',1,'2014-05-21 19:41:11','2014-05-21 19:41:11',NULL,NULL),(191,'EMI07E440','7DE802',1,'2014-05-21 19:41:11','2014-05-21 19:41:11',NULL,NULL),(192,'EMI299C30','900FFE',1,'2014-05-21 19:41:11','2014-05-21 19:41:11',NULL,NULL),(193,'EMI73C451','EC86D0',1,'2014-05-21 19:41:11','2014-05-21 19:41:11',NULL,NULL),(194,'EMI8949CA','6A60F9',1,'2014-05-21 19:41:11','2014-05-21 19:41:11',NULL,NULL),(195,'EMIE053B8','E6EE4B',1,'2014-05-21 19:41:11','2014-05-21 19:41:11',NULL,NULL),(196,'EMIC9A081','21B8EE',1,'2014-05-21 19:41:11','2014-05-21 19:41:11',NULL,NULL),(197,'EMI37B621','93CFA3',1,'2014-05-21 19:41:11','2014-05-21 19:41:11',NULL,NULL),(198,'EMIA0C420','23B180',1,'2014-05-21 19:41:11','2014-05-21 19:41:11',NULL,NULL),(199,'EMIEED285','2E0B86',1,'2014-05-21 19:41:11','2014-05-21 19:41:11',NULL,NULL),(200,'EMI295CEF','10E188',1,'2014-05-21 19:41:11','2014-05-21 19:41:11',NULL,NULL),(201,'EMIF53044','EA70F6',1,'2014-05-21 19:41:11','2014-05-21 19:41:11',NULL,NULL),(202,'EMIB00324','4C224E',1,'2014-05-21 19:41:11','2014-05-21 19:41:11',NULL,NULL),(203,'EMI1CB79F','EDC5A0',1,'2014-05-21 19:41:11','2014-05-21 19:41:11',NULL,NULL),(204,'EMI463B14','651E6E',1,'2014-05-21 19:41:11','2014-05-21 19:41:11',NULL,NULL),(205,'EMI2E06CF','962387',1,'2014-05-21 19:41:11','2014-05-21 19:41:11',NULL,NULL),(206,'EMI8D94DF','46CCB5',1,'2014-05-21 19:41:11','2014-05-21 19:41:11',NULL,NULL),(207,'EMI426744','CC74E7',1,'2014-05-21 19:41:11','2014-05-21 19:41:11',NULL,NULL),(208,'EMIA212E0','1EE51C',1,'2014-05-21 19:41:11','2014-05-21 19:41:11',NULL,NULL),(209,'EMI806AC8','AE7CB8',1,'2014-05-21 19:41:11','2014-05-21 19:41:11',NULL,NULL),(210,'EMI6F8987','47DAF3',1,'2014-05-21 19:41:11','2014-05-21 19:41:11',NULL,NULL),(211,'EMI2FC28A','6829C0',1,'2014-05-21 19:41:11','2014-05-21 19:41:11',NULL,NULL),(212,'EMI49642A','7F47A8',1,'2014-05-21 19:41:11','2014-05-21 19:41:11',NULL,NULL),(213,'EMIFC494C','3159F3',1,'2014-05-21 19:41:11','2014-05-21 19:41:11',NULL,NULL),(214,'EMI943210','02D6C0',1,'2014-05-21 19:41:11','2014-05-21 19:41:11',NULL,NULL),(215,'EMIEB0EFA','2BD6B1',1,'2014-05-21 19:41:11','2014-05-21 19:41:11',NULL,NULL),(216,'EMI20F625','C7263F',1,'2014-05-21 19:41:11','2014-05-21 19:41:11',NULL,NULL),(217,'EMIB1A5DE','6C1717',1,'2014-05-21 19:41:11','2014-05-21 19:41:11',NULL,NULL),(218,'EMIF9F358','342358',1,'2014-05-21 19:41:11','2014-05-21 19:41:11',NULL,NULL),(219,'EMI4FA749','3C221D',1,'2014-05-21 19:41:11','2014-05-21 19:41:11',NULL,NULL),(220,'EMI387753','8A8159',1,'2014-05-21 19:41:11','2014-05-21 19:41:11',NULL,NULL),(221,'EMI46DB12','39C5DE',1,'2014-05-21 19:41:11','2014-05-21 19:41:11',NULL,NULL),(222,'EMIBF7E48','6CA8C8',1,'2014-05-21 19:41:11','2014-05-21 19:41:11',NULL,NULL),(223,'EMI3BF243','F37229',1,'2014-05-21 19:41:11','2014-05-21 19:41:11',NULL,NULL),(224,'EMI7EF4B1','585B5A',1,'2014-05-21 19:41:11','2014-05-21 19:41:11',NULL,NULL),(225,'EMI3F6EDF','111D19',1,'2014-05-21 19:41:11','2014-05-21 19:41:11',NULL,NULL),(226,'EMIB4A04A','4C8359',1,'2014-05-21 19:41:11','2014-05-21 19:41:11',NULL,NULL),(227,'EMI9A12AC','425490',1,'2014-05-21 19:41:11','2014-05-21 19:41:11',NULL,NULL),(228,'EMI006140','74683D',1,'2014-05-21 19:41:11','2014-05-21 19:41:11',NULL,NULL),(229,'EMIB0E972','108486',1,'2014-05-21 19:41:11','2014-05-21 19:41:11',NULL,NULL),(230,'EMI6F311F','2B3623',1,'2014-05-21 19:41:11','2014-05-21 19:41:11',NULL,NULL),(231,'EMI91832B','1E88F0',1,'2014-05-21 19:41:11','2014-05-21 19:41:11',NULL,NULL),(232,'EMI22A11E','78F39E',1,'2014-05-21 19:41:11','2014-05-21 19:41:11',NULL,NULL),(233,'EMIB59A43','06D467',1,'2014-05-21 19:41:11','2014-05-21 19:41:11',NULL,NULL),(234,'EMIFFCEFE','E47DE7',1,'2014-05-21 19:41:11','2014-05-21 19:41:11',NULL,NULL),(235,'EMI1ABA20','3694B9',1,'2014-05-21 19:41:11','2014-05-21 19:41:11',NULL,NULL),(236,'EMI5D6D76','9A57F7',1,'2014-05-21 19:41:11','2014-05-21 19:41:11',NULL,NULL),(237,'EMI358C70','238F57',1,'2014-05-21 19:41:11','2014-05-21 19:41:11',NULL,NULL),(238,'EMI19818B','1B4172',1,'2014-05-21 19:41:11','2014-05-21 19:41:11',NULL,NULL),(239,'EMIEC7792','CF1318',1,'2014-05-21 19:41:11','2014-05-21 19:41:11',NULL,NULL),(240,'EMI91696E','9E1DBC',1,'2014-05-21 19:41:11','2014-05-21 19:41:11',NULL,NULL),(241,'EMI0848D3','3F0338',1,'2014-05-21 19:41:11','2014-05-21 19:41:11',NULL,NULL),(242,'EMI1127E2','431CF0',1,'2014-05-21 19:41:11','2014-05-21 19:41:11',NULL,NULL),(243,'EMIE85A34','5636C8',1,'2014-05-21 19:41:11','2014-05-21 19:41:11',NULL,NULL),(244,'EMI866559','184695',1,'2014-05-21 19:41:11','2014-05-21 19:41:11',NULL,NULL),(245,'EMIE48BCB','71119C',1,'2014-05-21 19:41:11','2014-05-21 19:41:11',NULL,NULL),(246,'EMI43F6E7','DB69BE',1,'2014-05-21 19:41:11','2014-05-21 19:41:11',NULL,NULL),(247,'EMIE2FC68','B6C050',1,'2014-05-21 19:41:11','2014-05-21 19:41:11',NULL,NULL),(248,'EMI4159E1','FD3FF9',1,'2014-05-21 19:41:11','2014-05-21 19:41:11',NULL,NULL),(249,'EMIE39EE6','B9E2A4',1,'2014-05-21 19:41:11','2014-05-21 19:41:11',NULL,NULL),(250,'EMI35F452','930BE1',1,'2014-05-21 19:41:11','2014-05-21 19:41:11',NULL,NULL),(251,'EMI9E492B','93ED99',1,'2014-05-21 19:41:11','2014-05-21 19:41:11',NULL,NULL),(252,'EMIC07E6A','504F77',1,'2014-05-21 19:41:11','2014-05-21 19:41:11',NULL,NULL),(253,'EMID590DF','9AB565',1,'2014-05-21 19:41:11','2014-05-21 19:41:11',NULL,NULL),(254,'EMIF9C35C','962B27',1,'2014-05-21 19:41:11','2014-05-21 19:41:11',NULL,NULL),(255,'EMI19693A','249C41',1,'2014-05-21 19:41:11','2014-05-21 19:41:11',NULL,NULL),(256,'EMI5C24DB','A4316F',1,'2014-05-21 19:41:11','2014-05-21 19:41:11',NULL,NULL),(257,'EMIFBAA41','360896',1,'2014-05-21 19:41:11','2014-05-21 19:41:11',NULL,NULL),(258,'EMI9B02A5','14FCBE',1,'2014-05-21 19:41:11','2014-05-21 19:41:11',NULL,NULL),(259,'EMI26B5C0','516CE9',1,'2014-05-21 19:41:11','2014-05-21 19:41:11',NULL,NULL),(260,'EMICD79A6','F497F7',1,'2014-05-21 19:41:11','2014-05-21 19:41:11',NULL,NULL),(261,'EMI2B4728','96DD10',1,'2014-05-21 19:41:11','2014-05-21 19:41:11',NULL,NULL),(262,'EMIFE81BF','401827',1,'2014-05-21 19:41:11','2014-05-21 19:41:11',NULL,NULL),(263,'EMI3B2B22','A37394',1,'2014-05-21 19:41:11','2014-05-21 19:41:11',NULL,NULL),(264,'EMIE1B972','EA60B2',1,'2014-05-21 19:41:11','2014-05-21 19:41:11',NULL,NULL),(265,'EMI10B6EC','C7C8DD',1,'2014-05-21 19:41:11','2014-05-21 19:41:11',NULL,NULL),(266,'EMI82460B','436E4B',1,'2014-05-21 19:41:11','2014-05-21 19:41:11',NULL,NULL),(267,'EMI2DE4C0','DA9969',1,'2014-05-21 19:41:11','2014-05-21 19:41:11',NULL,NULL),(268,'EMIC829C6','0D881B',1,'2014-05-21 19:41:11','2014-05-21 19:41:11',NULL,NULL),(269,'EMI8B2295','0733BB',1,'2014-05-21 19:41:12','2014-05-21 19:41:12',NULL,NULL),(270,'EMI7975EF','96DBE5',1,'2014-05-21 19:41:12','2014-05-21 19:41:12',NULL,NULL),(271,'EMIDD6344','38B583',1,'2014-05-21 19:41:12','2014-05-21 19:41:12',NULL,NULL),(272,'EMIB4EB1A','4320FB',1,'2014-05-21 19:41:12','2014-05-21 19:41:12',NULL,NULL),(273,'EMI9222BE','C31A72',1,'2014-05-21 19:41:12','2014-05-21 19:41:12',NULL,NULL),(274,'EMI7B6D48','956CCD',1,'2014-05-21 19:41:12','2014-05-21 19:41:12',NULL,NULL),(275,'EMIA8EAE1','646952',1,'2014-05-21 19:41:12','2014-05-21 19:41:12',NULL,NULL),(276,'EMI02975D','B2E00D',1,'2014-05-21 19:41:12','2014-05-21 19:41:12',NULL,NULL),(277,'EMI9A9CB2','0DC64E',1,'2014-05-21 19:41:12','2014-05-21 19:41:12',NULL,NULL),(278,'EMI4AB0EF','7E4231',1,'2014-05-21 19:41:12','2014-05-21 19:41:12',NULL,NULL),(279,'EMI328C72','DDC1A8',1,'2014-05-21 19:41:12','2014-05-21 19:41:12',NULL,NULL),(280,'EMI75B063','356105',1,'2014-05-21 19:41:12','2014-05-21 19:41:12',NULL,NULL),(281,'EMIC1796A','8BC131',1,'2014-05-21 19:41:12','2014-05-21 19:41:12',NULL,NULL),(282,'EMIAC0844','3F2615',1,'2014-05-21 19:41:12','2014-05-21 19:41:12',NULL,NULL),(283,'EMI5CC09E','CADF21',1,'2014-05-21 19:41:12','2014-05-21 19:41:12',NULL,NULL),(284,'EMI55D179','220765',1,'2014-05-21 19:41:12','2014-05-21 19:41:12',NULL,NULL),(285,'EMI9BB657','B0138F',1,'2014-05-21 19:41:12','2014-05-21 19:41:12',NULL,NULL),(286,'EMI93F6E9','D6B235',1,'2014-05-21 19:41:12','2014-05-21 19:41:12',NULL,NULL),(287,'EMI2E7E4C','7EA243',1,'2014-05-21 19:41:12','2014-05-21 19:41:12',NULL,NULL),(288,'EMI1B5715','DD0B37',1,'2014-05-21 19:41:12','2014-05-21 19:41:12',NULL,NULL),(289,'EMI166625','DC162A',1,'2014-05-21 19:41:12','2014-05-21 19:41:12',NULL,NULL),(290,'EMIBE354B','3B3EBA',1,'2014-05-21 19:41:12','2014-05-21 19:41:12',NULL,NULL),(291,'EMIAAB292','B1AC5F',1,'2014-05-21 19:41:12','2014-05-21 19:41:12',NULL,NULL),(292,'EMI7CCA1E','7993DA',1,'2014-05-21 19:41:12','2014-05-21 19:41:12',NULL,NULL),(293,'EMI31D605','891857',1,'2014-05-21 19:41:12','2014-05-21 19:41:12',NULL,NULL),(294,'EMIC63981','AA8306',1,'2014-05-21 19:41:12','2014-05-21 19:41:12',NULL,NULL),(295,'EMI295362','F9C2D4',1,'2014-05-21 19:41:12','2014-05-21 19:41:12',NULL,NULL),(296,'EMI29B343','4938D1',1,'2014-05-21 19:41:12','2014-05-21 19:41:12',NULL,NULL),(297,'EMIAC13BB','E44E5C',1,'2014-05-21 19:41:12','2014-05-21 19:41:12',NULL,NULL),(298,'EMIF051C6','62297D',1,'2014-05-21 19:41:12','2014-05-21 19:41:12',NULL,NULL),(299,'EMI117C0F','6DA165',1,'2014-05-21 19:41:12','2014-05-21 19:41:12',NULL,NULL),(300,'EMI3A62F6','4F3664',1,'2014-05-21 19:41:12','2014-05-21 19:41:12',NULL,NULL),(301,'EMIEBC5FF','5BAEB0',1,'2014-05-21 19:41:12','2014-05-21 19:41:12',NULL,NULL),(302,'EMIE9CFD5','D0157D',1,'2014-05-21 19:41:12','2014-05-21 19:41:12',NULL,NULL),(303,'EMI0F4EB9','32BF52',1,'2014-05-21 19:41:12','2014-05-21 19:41:12',NULL,NULL),(304,'EMI8A1B14','85260A',1,'2014-05-21 19:41:12','2014-05-21 19:41:12',NULL,NULL),(305,'EMI69BC8A','33C151',1,'2014-05-21 19:41:12','2014-05-21 19:41:12',NULL,NULL),(306,'EMI629266','6C34A8',1,'2014-05-21 19:41:12','2014-05-21 19:41:12',NULL,NULL),(307,'EMI1DE08D','BA8FF4',1,'2014-05-21 19:41:12','2014-05-21 19:41:12',NULL,NULL),(308,'EMI3CF876','12A6CA',1,'2014-05-21 19:41:12','2014-05-21 19:41:12',NULL,NULL),(309,'EMI531121','F3FD0C',1,'2014-05-21 19:41:12','2014-05-21 19:41:12',NULL,NULL),(310,'EMI9B9FB5','14D88C',1,'2014-05-21 19:41:12','2014-05-21 19:41:12',NULL,NULL),(311,'EMI08927A','DB94AB',1,'2014-05-21 19:41:12','2014-05-21 19:41:12',NULL,NULL),(312,'EMIC91E16','F6E3D3',1,'2014-05-21 19:41:12','2014-05-21 19:41:12',NULL,NULL),(313,'EMIA364AE','5A68B3',1,'2014-05-21 19:41:12','2014-05-21 19:41:12',NULL,NULL),(314,'EMI02802E','067A6A',1,'2014-05-21 19:41:12','2014-05-21 19:41:12',NULL,NULL),(315,'EMI19DC05','055105',1,'2014-05-21 19:41:12','2014-05-21 19:41:12',NULL,NULL),(316,'EMI83EDC2','D2343F',1,'2014-05-21 19:41:12','2014-05-21 19:41:12',NULL,NULL),(317,'EMI2AEA84','1AE770',1,'2014-05-21 19:41:12','2014-05-21 19:41:12',NULL,NULL),(318,'EMI215DC3','D9F8E6',1,'2014-05-21 19:41:12','2014-05-21 19:41:12',NULL,NULL),(319,'EMI228486','DDAF01',1,'2014-05-21 19:41:12','2014-05-21 19:41:12',NULL,NULL),(320,'EMI801D5E','89AC08',1,'2014-05-21 19:41:12','2014-05-21 19:41:12',NULL,NULL),(321,'EMI810478','4D3583',1,'2014-05-21 19:41:12','2014-05-21 19:41:12',NULL,NULL),(322,'EMI478DD2','BCAC43',1,'2014-05-21 19:41:12','2014-05-21 19:41:12',NULL,NULL),(323,'EMIC7032D','C18087',1,'2014-05-21 19:41:12','2014-05-21 19:41:12',NULL,NULL),(324,'EMI8F3923','FCC984',1,'2014-05-21 19:41:12','2014-05-21 19:41:12',NULL,NULL),(325,'EMIF4EBDF','1C9BE5',1,'2014-05-21 19:41:12','2014-05-21 19:41:12',NULL,NULL),(326,'EMIB5A02A','F24482',1,'2014-05-21 19:41:12','2014-05-21 19:41:12',NULL,NULL),(327,'EMI2E6D1E','EFB3C5',1,'2014-05-21 19:41:12','2014-05-21 19:41:12',NULL,NULL),(328,'EMI24A5BB','31B3AB',1,'2014-05-21 19:41:12','2014-05-21 19:41:12',NULL,NULL),(329,'EMI6FBB08','FB20BD',1,'2014-05-21 19:41:12','2014-05-21 19:41:12',NULL,NULL),(330,'EMI3B101F','2244C8',1,'2014-05-21 19:41:12','2014-05-21 19:41:12',NULL,NULL),(331,'EMI6ACB0F','7B767B',1,'2014-05-21 19:41:12','2014-05-21 19:41:12',NULL,NULL),(332,'EMI824609','A2ACDA',1,'2014-05-21 19:41:12','2014-05-21 19:41:12',NULL,NULL),(333,'EMIC7FC81','842487',1,'2014-05-21 19:41:12','2014-05-21 19:41:12',NULL,NULL),(334,'EMIDA8143','A12E41',1,'2014-05-21 19:41:12','2014-05-21 19:41:12',NULL,NULL),(335,'EMI453627','33638F',1,'2014-05-21 19:41:12','2014-05-21 19:41:12',NULL,NULL),(336,'EMI987679','696012',1,'2014-05-21 19:41:12','2014-05-21 19:41:12',NULL,NULL),(337,'EMI849048','AB4465',1,'2014-05-21 19:41:12','2014-05-21 19:41:12',NULL,NULL),(338,'EMIE6A2DD','5E4154',1,'2014-05-21 19:41:12','2014-05-21 19:41:12',NULL,NULL),(339,'EMI03ABF0','652D93',1,'2014-05-21 19:41:12','2014-05-21 19:41:12',NULL,NULL),(340,'EMI637744','DEBE0F',1,'2014-05-21 19:41:12','2014-05-21 19:41:12',NULL,NULL),(341,'EMI5D71D8','53FB76',1,'2014-05-21 19:41:12','2014-05-21 19:41:12',NULL,NULL),(342,'EMI73ABE1','E41529',1,'2014-05-21 19:41:12','2014-05-21 19:41:12',NULL,NULL),(343,'EMIF85539','1403C2',1,'2014-05-21 19:41:12','2014-05-21 19:41:12',NULL,NULL),(344,'EMIB96ACA','B56787',1,'2014-05-21 19:41:12','2014-05-21 19:41:12',NULL,NULL),(345,'EMI8AC0CD','81F104',1,'2014-05-21 19:41:12','2014-05-21 19:41:12',NULL,NULL),(346,'EMIFCE3D2','DA90A9',1,'2014-05-21 19:41:12','2014-05-21 19:41:12',NULL,NULL),(347,'EMIB6985B','DD92C0',1,'2014-05-21 19:41:12','2014-05-21 19:41:12',NULL,NULL),(348,'EMIC80EA1','EBEF2A',1,'2014-05-21 19:41:12','2014-05-21 19:41:12',NULL,NULL),(349,'EMI882DD0','66BA98',1,'2014-05-21 19:41:12','2014-05-21 19:41:12',NULL,NULL),(350,'EMI13785C','66428C',1,'2014-05-21 19:41:12','2014-05-21 19:41:12',NULL,NULL),(351,'EMIABD0E2','CB2932',1,'2014-05-21 19:41:12','2014-05-21 19:41:12',NULL,NULL),(352,'EMI120592','A5D693',1,'2014-05-21 19:41:12','2014-05-21 19:41:12',NULL,NULL),(353,'EMIE7C425','34E3BB',1,'2014-05-21 19:41:12','2014-05-21 19:41:12',NULL,NULL),(354,'EMIE2860C','4240D7',1,'2014-05-21 19:41:12','2014-05-21 19:41:12',NULL,NULL),(355,'EMI2BF407','B5D11A',1,'2014-05-21 19:41:12','2014-05-21 19:41:12',NULL,NULL),(356,'EMIFFFF50','90BC16',1,'2014-05-21 19:41:12','2014-05-21 19:41:12',NULL,NULL),(357,'EMI944A1F','9FB4F2',1,'2014-05-21 19:41:12','2014-05-21 19:41:12',NULL,NULL),(358,'EMI0D8FE5','9D904F',1,'2014-05-21 19:41:12','2014-05-21 19:41:12',NULL,NULL),(359,'EMI188229','3DDD83',1,'2014-05-21 19:41:12','2014-05-21 19:41:12',NULL,NULL),(360,'EMIB47C45','A44A32',1,'2014-05-21 19:41:12','2014-05-21 19:41:12',NULL,NULL),(361,'EMICAC1A4','6ECBEF',1,'2014-05-21 19:41:12','2014-05-21 19:41:12',NULL,NULL),(362,'EMI35F76B','8CF854',1,'2014-05-21 19:41:12','2014-05-21 19:41:12',NULL,NULL),(363,'EMI2BF31D','17EE3E',1,'2014-05-21 19:41:12','2014-05-21 19:41:12',NULL,NULL),(364,'EMIA922A3','D29BFA',1,'2014-05-21 19:41:12','2014-05-21 19:41:12',NULL,NULL),(365,'EMI85EAB8','EF3836',1,'2014-05-21 19:41:12','2014-05-21 19:41:12',NULL,NULL),(366,'EMIE6F498','CA8E09',1,'2014-05-21 19:41:12','2014-05-21 19:41:12',NULL,NULL),(367,'EMI804F15','8FE23B',1,'2014-05-21 19:41:12','2014-05-21 19:41:12',NULL,NULL),(368,'EMI16994D','03ADB9',1,'2014-05-21 19:41:12','2014-05-21 19:41:12',NULL,NULL),(369,'EMI8E89B1','7242CB',1,'2014-05-21 19:41:12','2014-05-21 19:41:12',NULL,NULL),(370,'EMI6F834B','E493C1',1,'2014-05-21 19:41:12','2014-05-21 19:41:12',NULL,NULL),(371,'EMIC3B38C','ED3ACA',1,'2014-05-21 19:41:12','2014-05-21 19:41:12',NULL,NULL),(372,'EMIE4A9A3','C35B33',1,'2014-05-21 19:41:12','2014-05-21 19:41:12',NULL,NULL),(373,'EMIB81FCE','976B2F',1,'2014-05-21 19:41:12','2014-05-21 19:41:12',NULL,NULL),(374,'EMI40885F','9FE46A',1,'2014-05-21 19:41:12','2014-05-21 19:41:12',NULL,NULL),(375,'EMI1369AD','45297B',1,'2014-05-21 19:41:12','2014-05-21 19:41:12',NULL,NULL),(376,'EMIE09E97','79B5D1',1,'2014-05-21 19:41:12','2014-05-21 19:41:12',NULL,NULL),(377,'EMIE9A960','0C9D40',1,'2014-05-21 19:41:12','2014-05-21 19:41:12',NULL,NULL),(378,'EMI6D827B','0BB596',1,'2014-05-21 19:41:12','2014-05-21 19:41:12',NULL,NULL),(379,'EMICCD325','F9B5C5',1,'2014-05-21 19:41:12','2014-05-21 19:41:12',NULL,NULL),(380,'EMIA81E48','4442AE',1,'2014-05-21 19:41:12','2014-05-21 19:41:12',NULL,NULL),(381,'EMIBE8BA8','3F7FA4',1,'2014-05-21 19:41:12','2014-05-21 19:41:12',NULL,NULL),(382,'EMI0EF4B5','80D821',1,'2014-05-21 19:41:12','2014-05-21 19:41:12',NULL,NULL),(383,'EMIDC9A49','ABE18A',1,'2014-05-21 19:41:12','2014-05-21 19:41:12',NULL,NULL),(384,'EMIF10B92','7684E4',1,'2014-05-21 19:41:12','2014-05-21 19:41:12',NULL,NULL),(385,'EMI52153D','FABB12',1,'2014-05-21 19:41:12','2014-05-21 19:41:12',NULL,NULL),(386,'EMID93E22','0AD92B',1,'2014-05-21 19:41:12','2014-05-21 19:41:12',NULL,NULL),(387,'EMI6245B0','716565',1,'2014-05-21 19:41:12','2014-05-21 19:41:12',NULL,NULL),(388,'EMI45AB0F','955A7B',1,'2014-05-21 19:41:12','2014-05-21 19:41:12',NULL,NULL),(389,'EMI949AF7','E4EB79',1,'2014-05-21 19:41:12','2014-05-21 19:41:12',NULL,NULL),(390,'EMI92AE44','4E17E4',1,'2014-05-21 19:41:12','2014-05-21 19:41:12',NULL,NULL),(391,'EMIBED64B','90C60D',1,'2014-05-21 19:41:12','2014-05-21 19:41:12',NULL,NULL),(392,'EMI30923F','086C62',1,'2014-05-21 19:41:12','2014-05-21 19:41:12',NULL,NULL),(393,'EMI099CE1','37679F',1,'2014-05-21 19:41:12','2014-05-21 19:41:12',NULL,NULL),(394,'EMI492689','A06D04',1,'2014-05-21 19:41:12','2014-05-21 19:41:12',NULL,NULL),(395,'EMI8ADBEB','4D2032',1,'2014-05-21 19:41:12','2014-05-21 19:41:12',NULL,NULL),(396,'EMIB68AB1','70D350',1,'2014-05-21 19:41:12','2014-05-21 19:41:12',NULL,NULL),(397,'EMICC1788','3BF4DD',1,'2014-05-21 19:41:12','2014-05-21 19:41:12',NULL,NULL),(398,'EMI5F9C30','FD5CF1',1,'2014-05-21 19:41:12','2014-05-21 19:41:12',NULL,NULL),(399,'EMI53DFFC','6DBA0B',1,'2014-05-21 19:41:12','2014-05-21 19:41:12',NULL,NULL),(400,'EMI79E629','EB6DE7',1,'2014-05-21 19:41:12','2014-05-21 19:41:12',NULL,NULL),(401,'EMIC8086E','8F4156',1,'2014-05-21 19:41:12','2014-05-21 19:41:12',NULL,NULL),(402,'EMI825E6A','CD6C77',1,'2014-05-21 19:41:12','2014-05-21 19:41:12',NULL,NULL),(403,'EMI48B4C5','D14C41',1,'2014-05-21 19:41:12','2014-05-21 19:41:12',NULL,NULL),(404,'EMI86DDAB','98D450',1,'2014-05-21 19:41:12','2014-05-21 19:41:12',NULL,NULL),(405,'EMI49FE46','1CF83A',1,'2014-05-21 19:41:12','2014-05-21 19:41:12',NULL,NULL),(406,'EMI2F6D30','4C94AF',1,'2014-05-21 19:41:12','2014-05-21 19:41:12',NULL,NULL),(407,'EMID1BAE6','03AFA6',1,'2014-05-21 19:41:12','2014-05-21 19:41:12',NULL,NULL),(408,'EMI94FC7F','F49A5E',1,'2014-05-21 19:41:12','2014-05-21 19:41:12',NULL,NULL),(409,'EMIB2482A','5E2681',1,'2014-05-21 19:41:12','2014-05-21 19:41:12',NULL,NULL),(410,'EMIA54C23','6AC6D7',1,'2014-05-21 19:41:12','2014-05-21 19:41:12',NULL,NULL),(411,'EMI6697C2','2E23A2',1,'2014-05-21 19:41:12','2014-05-21 19:41:12',NULL,NULL),(412,'EMID132DE','1F08A0',1,'2014-05-21 19:41:12','2014-05-21 19:41:12',NULL,NULL),(413,'EMIFEE3DB','136CFC',1,'2014-05-21 19:41:12','2014-05-21 19:41:12',NULL,NULL),(414,'EMIEE7865','238584',1,'2014-05-21 19:41:12','2014-05-21 19:41:12',NULL,NULL),(415,'EMI9C00A8','F25B65',1,'2014-05-21 19:41:12','2014-05-21 19:41:12',NULL,NULL),(416,'EMI9492CD','493155',1,'2014-05-21 19:41:12','2014-05-21 19:41:12',NULL,NULL),(417,'EMI0CD5AE','88CD7A',1,'2014-05-21 19:41:12','2014-05-21 19:41:12',NULL,NULL),(418,'EMI2CCDD1','4103B2',1,'2014-05-21 19:41:12','2014-05-21 19:41:12',NULL,NULL),(419,'EMI5E95D0','AFA849',1,'2014-05-21 19:41:12','2014-05-21 19:41:12',NULL,NULL),(420,'EMI90B6F6','DBBBE5',1,'2014-05-21 19:41:12','2014-05-21 19:41:12',NULL,NULL),(421,'EMI7C9B3C','FFBBB0',1,'2014-05-21 19:41:12','2014-05-21 19:41:12',NULL,NULL),(422,'EMIA32297','F2A25B',1,'2014-05-21 19:41:12','2014-05-21 19:41:12',NULL,NULL),(423,'EMIE01F6B','930F2B',1,'2014-05-21 19:41:12','2014-05-21 19:41:12',NULL,NULL),(424,'EMI45A7AD','A44D73',1,'2014-05-21 19:41:12','2014-05-21 19:41:12',NULL,NULL),(425,'EMICE08BD','89068C',1,'2014-05-21 19:41:12','2014-05-21 19:41:12',NULL,NULL),(426,'EMI68F9CB','74B1AD',1,'2014-05-21 19:41:12','2014-05-21 19:41:12',NULL,NULL),(427,'EMIE0F903','9934E9',1,'2014-05-21 19:41:13','2014-05-21 19:41:13',NULL,NULL),(428,'EMI303B90','B393CE',1,'2014-05-21 19:41:13','2014-05-21 19:41:13',NULL,NULL),(429,'EMI365571','EAA7C2',1,'2014-05-21 19:41:13','2014-05-21 19:41:13',NULL,NULL),(430,'EMI8BDC1A','A5D2B3',1,'2014-05-21 19:41:13','2014-05-21 19:41:13',NULL,NULL),(431,'EMIF2D92D','DE39D4',1,'2014-05-21 19:41:13','2014-05-21 19:41:13',NULL,NULL),(432,'EMI911EFB','9CA354',1,'2014-05-21 19:41:13','2014-05-21 19:41:13',NULL,NULL),(433,'EMIB4A90A','0A2D7A',1,'2014-05-21 19:41:13','2014-05-21 19:41:13',NULL,NULL),(434,'EMID4AD81','216D7C',1,'2014-05-21 19:41:13','2014-05-21 19:41:13',NULL,NULL),(435,'EMI316B1C','3C8C3D',1,'2014-05-21 19:41:13','2014-05-21 19:41:13',NULL,NULL),(436,'EMI24B4D1','864191',1,'2014-05-21 19:41:13','2014-05-21 19:41:13',NULL,NULL),(437,'EMI712D28','412774',1,'2014-05-21 19:41:13','2014-05-21 19:41:13',NULL,NULL),(438,'EMI221668','FB314A',1,'2014-05-21 19:41:13','2014-05-21 19:41:13',NULL,NULL),(439,'EMI384301','E24D1E',1,'2014-05-21 19:41:13','2014-05-21 19:41:13',NULL,NULL),(440,'EMI4D95D3','AE9D98',1,'2014-05-21 19:41:13','2014-05-21 19:41:13',NULL,NULL),(441,'EMIDC43EE','F4EC32',1,'2014-05-21 19:41:13','2014-05-21 19:41:13',NULL,NULL),(442,'EMI5985C9','E2EF9E',1,'2014-05-21 19:41:13','2014-05-21 19:41:13',NULL,NULL),(443,'EMI944AA0','157ACE',1,'2014-05-21 19:41:13','2014-05-21 19:41:13',NULL,NULL),(444,'EMI52347E','751276',1,'2014-05-21 19:41:13','2014-05-21 19:41:13',NULL,NULL),(445,'EMI2FC1F3','C1DB38',1,'2014-05-21 19:41:13','2014-05-21 19:41:13',NULL,NULL),(446,'EMIAC6058','CFA434',1,'2014-05-21 19:41:13','2014-05-21 19:41:13',NULL,NULL),(447,'EMI22E41F','D03A23',1,'2014-05-21 19:41:13','2014-05-21 19:41:13',NULL,NULL),(448,'EMI878D14','9CA4AF',1,'2014-05-21 19:41:13','2014-05-21 19:41:13',NULL,NULL),(449,'EMIE1A75A','92411F',1,'2014-05-21 19:41:13','2014-05-21 19:41:13',NULL,NULL),(450,'EMICEA063','610C12',1,'2014-05-21 19:41:13','2014-05-21 19:41:13',NULL,NULL),(451,'EMIC76936','1EDF82',1,'2014-05-21 19:41:13','2014-05-21 19:41:13',NULL,NULL),(452,'EMI0C83FD','E30552',1,'2014-05-21 19:41:13','2014-05-21 19:41:13',NULL,NULL),(453,'EMIDBBCD8','2C6EE8',1,'2014-05-21 19:41:13','2014-05-21 19:41:13',NULL,NULL),(454,'EMI60AD95','74815D',1,'2014-05-21 19:41:13','2014-05-21 19:41:13',NULL,NULL),(455,'EMI59F0DF','F7B309',1,'2014-05-21 19:41:13','2014-05-21 19:41:13',NULL,NULL),(456,'EMIEC0948','F48691',1,'2014-05-21 19:41:13','2014-05-21 19:41:13',NULL,NULL),(457,'EMIF681CC','E525FB',1,'2014-05-21 19:41:13','2014-05-21 19:41:13',NULL,NULL),(458,'EMI6B7C64','059791',1,'2014-05-21 19:41:13','2014-05-21 19:41:13',NULL,NULL),(459,'EMIC8B548','644C78',1,'2014-05-21 19:41:13','2014-05-21 19:41:13',NULL,NULL),(460,'EMI87B16D','F7B442',1,'2014-05-21 19:41:13','2014-05-21 19:41:13',NULL,NULL),(461,'EMIACDCE8','8E3349',1,'2014-05-21 19:41:13','2014-05-21 19:41:13',NULL,NULL),(462,'EMI8034C0','0701F2',1,'2014-05-21 19:41:13','2014-05-21 19:41:13',NULL,NULL),(463,'EMIE77A57','33F9C2',1,'2014-05-21 19:41:13','2014-05-21 19:41:13',NULL,NULL),(464,'EMIC773C7','DD98B7',1,'2014-05-21 19:41:13','2014-05-21 19:41:13',NULL,NULL),(465,'EMIFD165D','086C83',1,'2014-05-21 19:41:13','2014-05-21 19:41:13',NULL,NULL),(466,'EMI20E7D0','B1EE97',1,'2014-05-21 19:41:13','2014-05-21 19:41:13',NULL,NULL),(467,'EMI23C1AE','22B9B0',1,'2014-05-21 19:41:13','2014-05-21 19:41:13',NULL,NULL),(468,'EMI2BAF8B','FB2ED1',1,'2014-05-21 19:41:13','2014-05-21 19:41:13',NULL,NULL),(469,'EMID0B6D2','4D0146',1,'2014-05-21 19:41:13','2014-05-21 19:41:13',NULL,NULL),(470,'EMIC4590B','91BF3F',1,'2014-05-21 19:41:13','2014-05-21 19:41:13',NULL,NULL),(471,'EMI68B7C0','1E76F8',1,'2014-05-21 19:41:13','2014-05-21 19:41:13',NULL,NULL),(472,'EMID240CA','2E69DE',1,'2014-05-21 19:41:13','2014-05-21 19:41:13',NULL,NULL),(473,'EMIAFBB50','D597E6',1,'2014-05-21 19:41:13','2014-05-21 19:41:13',NULL,NULL),(474,'EMI3551C1','6FB1D8',1,'2014-05-21 19:41:13','2014-05-21 19:41:13',NULL,NULL),(475,'EMI7A6933','702B51',1,'2014-05-21 19:41:13','2014-05-21 19:41:13',NULL,NULL),(476,'EMI2C7BBF','433E3A',1,'2014-05-21 19:41:13','2014-05-21 19:41:13',NULL,NULL),(477,'EMI458053','3FC043',1,'2014-05-21 19:41:13','2014-05-21 19:41:13',NULL,NULL),(478,'EMIEDF896','C611F3',1,'2014-05-21 19:41:13','2014-05-21 19:41:13',NULL,NULL),(479,'EMI31A4DC','88B462',1,'2014-05-21 19:41:13','2014-05-21 19:41:13',NULL,NULL),(480,'EMI741E1B','AE06A9',1,'2014-05-21 19:41:13','2014-05-21 19:41:13',NULL,NULL),(481,'EMI8BC281','32758E',1,'2014-05-21 19:41:13','2014-05-21 19:41:13',NULL,NULL),(482,'EMIE8D9F0','A6BB2C',1,'2014-05-21 19:41:13','2014-05-21 19:41:13',NULL,NULL),(483,'EMIA46900','FCEDA6',1,'2014-05-21 19:41:13','2014-05-21 19:41:13',NULL,NULL),(484,'EMI56A7CD','5D7153',1,'2014-05-21 19:41:13','2014-05-21 19:41:13',NULL,NULL),(485,'EMI011884','E08805',1,'2014-05-21 19:41:13','2014-05-21 19:41:13',NULL,NULL),(486,'EMICE3C8F','E14341',1,'2014-05-21 19:41:13','2014-05-21 19:41:13',NULL,NULL),(487,'EMI6A09DC','738C0B',1,'2014-05-21 19:41:13','2014-05-21 19:41:13',NULL,NULL),(488,'EMI978607','BA9051',1,'2014-05-21 19:41:13','2014-05-21 19:41:13',NULL,NULL),(489,'EMI47E57E','991F7A',1,'2014-05-21 19:41:13','2014-05-21 19:41:13',NULL,NULL),(490,'EMIE24AC0','580F4E',1,'2014-05-21 19:41:13','2014-05-21 19:41:13',NULL,NULL),(491,'EMI57DC2D','857D49',1,'2014-05-21 19:41:13','2014-05-21 19:41:13',NULL,NULL),(492,'EMIEECCCE','132DF9',1,'2014-05-21 19:41:13','2014-05-21 19:41:13',NULL,NULL),(493,'EMI1C93A0','E53D7B',1,'2014-05-21 19:41:13','2014-05-21 19:41:13',NULL,NULL),(494,'EMI21AADA','30629D',1,'2014-05-21 19:41:13','2014-05-21 19:41:13',NULL,NULL),(495,'EMI255926','BFCA7A',1,'2014-05-21 19:41:13','2014-05-21 19:41:13',NULL,NULL),(496,'EMI0AC5A7','AF15ED',1,'2014-05-21 19:41:13','2014-05-21 19:41:13',NULL,NULL),(497,'EMI527399','760B79',1,'2014-05-21 19:41:13','2014-05-21 19:41:13',NULL,NULL),(498,'EMI45E47F','CF77AD',1,'2014-05-21 19:41:13','2014-05-21 19:41:13',NULL,NULL),(499,'EMI34081B','F10198',1,'2014-05-21 19:41:13','2014-05-21 19:41:13',NULL,NULL),(500,'EMI3B117A','010CF7',1,'2014-05-21 19:41:13','2014-05-21 19:41:13',NULL,NULL),(501,'EMICA12E4','62083F',1,'2014-05-21 19:41:13','2014-05-21 19:41:13',NULL,NULL),(502,'EMIDED789','DA67F4',1,'2014-05-21 19:41:13','2014-05-21 19:41:13',NULL,NULL),(503,'EMI7B10E2','C7C6BF',1,'2014-05-21 19:41:13','2014-05-21 19:41:13',NULL,NULL),(504,'EMI820AD5','8F8E55',1,'2014-05-21 19:41:13','2014-05-21 19:41:13',NULL,NULL),(505,'EMI0274BD','7D26DE',1,'2014-05-21 19:41:13','2014-05-21 19:41:13',NULL,NULL),(506,'EMIF38AB9','075255',1,'2014-05-21 19:41:13','2014-05-21 19:41:13',NULL,NULL),(507,'EMI8D5D3D','1C7058',1,'2014-05-21 19:41:13','2014-05-21 19:41:13',NULL,NULL),(508,'EMI55B283','6356DE',1,'2014-05-21 19:41:13','2014-05-21 19:41:13',NULL,NULL),(509,'EMI12E28D','7A33F0',1,'2014-05-21 19:41:13','2014-05-21 19:41:13',NULL,NULL),(510,'EMIF50367','9E808E',1,'2014-05-21 19:41:13','2014-05-21 19:41:13',NULL,NULL),(511,'EMI5D8948','91420D',1,'2014-05-21 19:41:13','2014-05-21 19:41:13',NULL,NULL),(512,'EMI00564B','5733B4',1,'2014-05-21 19:41:13','2014-05-21 19:41:13',NULL,NULL),(513,'EMI07B0E3','CD8DE4',1,'2014-05-21 19:41:13','2014-05-21 19:41:13',NULL,NULL),(514,'EMID9ECDB','DA7A66',1,'2014-05-21 19:41:13','2014-05-21 19:41:13',NULL,NULL),(515,'EMI9B3FD0','4F2686',1,'2014-05-21 19:41:13','2014-05-21 19:41:13',NULL,NULL),(516,'EMIEE6C00','1FC57D',1,'2014-05-21 19:41:13','2014-05-21 19:41:13',NULL,NULL),(517,'EMI7F6DA8','E36399',1,'2014-05-21 19:41:13','2014-05-21 19:41:13',NULL,NULL),(518,'EMI79CA36','0ADD66',1,'2014-05-21 19:41:13','2014-05-21 19:41:13',NULL,NULL),(519,'EMI81FECA','10C635',1,'2014-05-21 19:41:13','2014-05-21 19:41:13',NULL,NULL),(520,'EMI670ADB','5E3830',1,'2014-05-21 19:41:13','2014-05-21 19:41:13',NULL,NULL),(521,'EMI67C1D4','68168F',1,'2014-05-21 19:41:13','2014-05-21 19:41:13',NULL,NULL),(522,'EMI56C8D4','FD8A2A',1,'2014-05-21 19:41:13','2014-05-21 19:41:13',NULL,NULL),(523,'EMI24F464','51E0AE',1,'2014-05-21 19:41:13','2014-05-21 19:41:13',NULL,NULL),(524,'EMIF69D2C','4351FF',1,'2014-05-21 19:41:13','2014-05-21 19:41:13',NULL,NULL),(525,'EMI9CB752','3D99EA',1,'2014-05-21 19:41:13','2014-05-21 19:41:13',NULL,NULL),(526,'EMI509E94','72CE7E',1,'2014-05-21 19:41:13','2014-05-21 19:41:13',NULL,NULL),(527,'EMI07F73E','C5F72B',1,'2014-05-21 19:41:13','2014-05-21 19:41:13',NULL,NULL),(528,'EMI86D3E6','DD84EF',1,'2014-05-21 19:41:13','2014-05-21 19:41:13',NULL,NULL),(529,'EMI3F23FC','D6DDEE',1,'2014-05-21 19:41:13','2014-05-21 19:41:13',NULL,NULL),(530,'EMI683932','CD3A8A',1,'2014-05-21 19:41:13','2014-05-21 19:41:13',NULL,NULL),(531,'EMI25DD3A','315BD8',1,'2014-05-21 19:41:13','2014-05-21 19:41:13',NULL,NULL),(532,'EMIF84B86','3D94C0',1,'2014-05-21 19:41:13','2014-05-21 19:41:13',NULL,NULL),(533,'EMI6D6C82','25E4B7',1,'2014-05-21 19:41:13','2014-05-21 19:41:13',NULL,NULL),(534,'EMI85FD10','27AE64',1,'2014-05-21 19:41:13','2014-05-21 19:41:13',NULL,NULL),(535,'EMI732712','EDEB10',1,'2014-05-21 19:41:13','2014-05-21 19:41:13',NULL,NULL),(536,'EMI855FE2','BC9A13',1,'2014-05-21 19:41:13','2014-05-21 19:41:13',NULL,NULL),(537,'EMI39AABF','8587A7',1,'2014-05-21 19:41:13','2014-05-21 19:41:13',NULL,NULL),(538,'EMIF50D63','19B2E7',1,'2014-05-21 19:41:13','2014-05-21 19:41:13',NULL,NULL),(539,'EMIA98A75','5376D0',1,'2014-05-21 19:41:13','2014-05-21 19:41:13',NULL,NULL),(540,'EMI68544B','9D9069',1,'2014-05-21 19:41:13','2014-05-21 19:41:13',NULL,NULL),(541,'EMI023075','86EEA2',1,'2014-05-21 19:41:13','2014-05-21 19:41:13',NULL,NULL),(542,'EMIE53C53','52B76C',1,'2014-05-21 19:41:13','2014-05-21 19:41:13',NULL,NULL),(543,'EMICD0496','E07F00',1,'2014-05-21 19:41:13','2014-05-21 19:41:13',NULL,NULL),(544,'EMI354F22','DA1134',1,'2014-05-21 19:41:13','2014-05-21 19:41:13',NULL,NULL),(545,'EMI129389','24C261',1,'2014-05-21 19:41:13','2014-05-21 19:41:13',NULL,NULL),(546,'EMIEBCF5F','436B29',1,'2014-05-21 19:41:13','2014-05-21 19:41:13',NULL,NULL),(547,'EMID949AA','8F2EAF',1,'2014-05-21 19:41:13','2014-05-21 19:41:13',NULL,NULL),(548,'EMIEFE911','1F7601',1,'2014-05-21 19:41:13','2014-05-21 19:41:13',NULL,NULL),(549,'EMI50F133','624BFA',1,'2014-05-21 19:41:13','2014-05-21 19:41:13',NULL,NULL),(550,'EMI9AE047','9E821A',1,'2014-05-21 19:41:13','2014-05-21 19:41:13',NULL,NULL),(551,'EMI55CC26','FEA8F9',1,'2014-05-21 19:41:13','2014-05-21 19:41:13',NULL,NULL),(552,'EMIA81471','024970',1,'2014-05-21 19:41:13','2014-05-21 19:41:13',NULL,NULL),(553,'EMI79B87F','9FEF4F',1,'2014-05-21 19:41:13','2014-05-21 19:41:13',NULL,NULL),(554,'EMI527ABD','649850',1,'2014-05-21 19:41:13','2014-05-21 19:41:13',NULL,NULL),(555,'EMI9F193A','717B9A',1,'2014-05-21 19:41:13','2014-05-21 19:41:13',NULL,NULL),(556,'EMID0471D','DABC9E',1,'2014-05-21 19:41:13','2014-05-21 19:41:13',NULL,NULL),(557,'EMI6D2F65','6B23ED',1,'2014-05-21 19:41:13','2014-05-21 19:41:13',NULL,NULL),(558,'EMI6514E9','436C1C',1,'2014-05-21 19:41:13','2014-05-21 19:41:13',NULL,NULL),(559,'EMI18776B','8F674B',1,'2014-05-21 19:41:13','2014-05-21 19:41:13',NULL,NULL),(560,'EMID2A348','61595E',1,'2014-05-21 19:41:13','2014-05-21 19:41:13',NULL,NULL),(561,'EMI41AE5F','C4C11E',1,'2014-05-21 19:41:13','2014-05-21 19:41:13',NULL,NULL),(562,'EMIE36B38','D29D41',1,'2014-05-21 19:41:13','2014-05-21 19:41:13',NULL,NULL),(563,'EMI806138','A7B382',1,'2014-05-21 19:41:13','2014-05-21 19:41:13',NULL,NULL),(564,'EMI4DFE10','DC50CD',1,'2014-05-21 19:41:13','2014-05-21 19:41:13',NULL,NULL),(565,'EMI8C6A95','6FC6BB',1,'2014-05-21 19:41:14','2014-05-21 19:41:14',NULL,NULL),(566,'EMI0151CD','307833',1,'2014-05-21 19:41:14','2014-05-21 19:41:14',NULL,NULL),(567,'EMI292AC1','E59A68',1,'2014-05-21 19:41:14','2014-05-21 19:41:14',NULL,NULL),(568,'EMI98D0A8','8321B9',1,'2014-05-21 19:41:14','2014-05-21 19:41:14',NULL,NULL),(569,'EMI905667','588F47',1,'2014-05-21 19:41:14','2014-05-21 19:41:14',NULL,NULL),(570,'EMI92D4E2','7636C1',1,'2014-05-21 19:41:14','2014-05-21 19:41:14',NULL,NULL),(571,'EMIBF831B','4274AD',1,'2014-05-21 19:41:14','2014-05-21 19:41:14',NULL,NULL),(572,'EMI10BBB0','92B03F',1,'2014-05-21 19:41:14','2014-05-21 19:41:14',NULL,NULL),(573,'EMI7D9CDF','577767',1,'2014-05-21 19:41:14','2014-05-21 19:41:14',NULL,NULL),(574,'EMI4AF664','42FFBE',1,'2014-05-21 19:41:14','2014-05-21 19:41:14',NULL,NULL),(575,'EMI385D24','7F5421',1,'2014-05-21 19:41:14','2014-05-21 19:41:14',NULL,NULL),(576,'EMI703A2E','7D441B',1,'2014-05-21 19:41:14','2014-05-21 19:41:14',NULL,NULL),(577,'EMI83698B','00BE08',1,'2014-05-21 19:41:14','2014-05-21 19:41:14',NULL,NULL),(578,'EMI26C3F7','A0FDC8',1,'2014-05-21 19:41:14','2014-05-21 19:41:14',NULL,NULL),(579,'EMI0DFEAF','BEBE6E',1,'2014-05-21 19:41:14','2014-05-21 19:41:14',NULL,NULL),(580,'EMIDD2470','6B6BE4',1,'2014-05-21 19:41:14','2014-05-21 19:41:14',NULL,NULL),(581,'EMIEEACEF','280E1E',1,'2014-05-21 19:41:14','2014-05-21 19:41:14',NULL,NULL),(582,'EMI347B43','A1CB3D',1,'2014-05-21 19:41:14','2014-05-21 19:41:14',NULL,NULL),(583,'EMIF70689','F61D8F',1,'2014-05-21 19:41:14','2014-05-21 19:41:14',NULL,NULL),(584,'EMIE04427','E498FD',1,'2014-05-21 19:41:14','2014-05-21 19:41:14',NULL,NULL),(585,'EMI357B77','F76633',1,'2014-05-21 19:41:14','2014-05-21 19:41:14',NULL,NULL),(586,'EMI5A3A49','2FD0F3',1,'2014-05-21 19:41:14','2014-05-21 19:41:14',NULL,NULL),(587,'EMI2A60A4','2D6500',1,'2014-05-21 19:41:14','2014-05-21 19:41:14',NULL,NULL),(588,'EMIF3FF62','E7C9DE',1,'2014-05-21 19:41:14','2014-05-21 19:41:14',NULL,NULL),(589,'EMIA4ABE6','FACC9E',1,'2014-05-21 19:41:14','2014-05-21 19:41:14',NULL,NULL),(590,'EMIF1C169','6B4A64',1,'2014-05-21 19:41:14','2014-05-21 19:41:14',NULL,NULL),(591,'EMI19BE72','1E0480',1,'2014-05-21 19:41:14','2014-05-21 19:41:14',NULL,NULL),(592,'EMI8C209D','A3BBE1',1,'2014-05-21 19:41:14','2014-05-21 19:41:14',NULL,NULL),(593,'EMI269D1F','6A5D55',1,'2014-05-21 19:41:14','2014-05-21 19:41:14',NULL,NULL),(594,'EMI9E2937','433B0B',1,'2014-05-21 19:41:14','2014-05-21 19:41:14',NULL,NULL),(595,'EMIEE748F','A5B231',1,'2014-05-21 19:41:14','2014-05-21 19:41:14',NULL,NULL),(596,'EMI693D06','51A011',1,'2014-05-21 19:41:14','2014-05-21 19:41:14',NULL,NULL),(597,'EMI414AC0','CF0804',1,'2014-05-21 19:41:14','2014-05-21 19:41:14',NULL,NULL),(598,'EMI106252','7C72D4',1,'2014-05-21 19:41:14','2014-05-21 19:41:14',NULL,NULL),(599,'EMIA7856C','7304B2',1,'2014-05-21 19:41:14','2014-05-21 19:41:14',NULL,NULL),(600,'EMID8B273','C7CF9A',1,'2014-05-21 19:41:14','2014-05-21 19:41:14',NULL,NULL),(601,'EMIF5DFD2','70B2E4',1,'2014-05-21 19:41:14','2014-05-21 19:41:14',NULL,NULL),(602,'EMIB7A3F9','5ECE6D',1,'2014-05-21 19:41:14','2014-05-21 19:41:14',NULL,NULL),(603,'EMIE3D76D','635A1B',1,'2014-05-21 19:41:14','2014-05-21 19:41:14',NULL,NULL),(604,'EMI304743','075B14',1,'2014-05-21 19:41:14','2014-05-21 19:41:14',NULL,NULL),(605,'EMIAC5C9C','D57EDC',1,'2014-05-21 19:41:14','2014-05-21 19:41:14',NULL,NULL),(606,'EMI78276D','23577B',1,'2014-05-21 19:41:14','2014-05-21 19:41:14',NULL,NULL),(607,'EMI15D8DA','6E15BD',1,'2014-05-21 19:41:14','2014-05-21 19:41:14',NULL,NULL),(608,'EMI152FCC','DC20E1',1,'2014-05-21 19:41:14','2014-05-21 19:41:14',NULL,NULL),(609,'EMI00B418','5A9363',1,'2014-05-21 19:41:14','2014-05-21 19:41:14',NULL,NULL),(610,'EMID0E31A','5B8004',1,'2014-05-21 19:41:14','2014-05-21 19:41:14',NULL,NULL),(611,'EMI2BFB9C','0DCA98',1,'2014-05-21 19:41:14','2014-05-21 19:41:14',NULL,NULL),(612,'EMI19C69B','2E9F48',1,'2014-05-21 19:41:14','2014-05-21 19:41:14',NULL,NULL),(613,'EMI762314','D6ED46',1,'2014-05-21 19:41:14','2014-05-21 19:41:14',NULL,NULL),(614,'EMI618035','F10F42',1,'2014-05-21 19:41:14','2014-05-21 19:41:14',NULL,NULL),(615,'EMI2A8B70','F0BFD5',1,'2014-05-21 19:41:14','2014-05-21 19:41:14',NULL,NULL),(616,'EMI2BD2E4','A7A80D',1,'2014-05-21 19:41:14','2014-05-21 19:41:14',NULL,NULL),(617,'EMIF16C3B','2A1666',1,'2014-05-21 19:41:14','2014-05-21 19:41:14',NULL,NULL),(618,'EMI494315','D3190E',1,'2014-05-21 19:41:14','2014-05-21 19:41:14',NULL,NULL),(619,'EMIB9D839','22E4D5',1,'2014-05-21 19:41:14','2014-05-21 19:41:14',NULL,NULL),(620,'EMI7D42DB','0F8330',1,'2014-05-21 19:41:14','2014-05-21 19:41:14',NULL,NULL),(621,'EMIDF49BB','C0E57C',1,'2014-05-21 19:41:14','2014-05-21 19:41:14',NULL,NULL),(622,'EMIC4E6B2','91E0BB',1,'2014-05-21 19:41:14','2014-05-21 19:41:14',NULL,NULL),(623,'EMI2A64E5','2085AC',1,'2014-05-21 19:41:14','2014-05-21 19:41:14',NULL,NULL),(624,'EMIE15C36','BC17BD',1,'2014-05-21 19:41:14','2014-05-21 19:41:14',NULL,NULL),(625,'EMICAEA74','893BE3',1,'2014-05-21 19:41:14','2014-05-21 19:41:14',NULL,NULL),(626,'EMIE1EE62','70E245',1,'2014-05-21 19:41:14','2014-05-21 19:41:14',NULL,NULL),(627,'EMIDEA039','7B9034',1,'2014-05-21 19:41:14','2014-05-21 19:41:14',NULL,NULL),(628,'EMI56CED2','DA7802',1,'2014-05-21 19:41:14','2014-05-21 19:41:14',NULL,NULL),(629,'EMI5D16C2','263183',1,'2014-05-21 19:41:14','2014-05-21 19:41:14',NULL,NULL),(630,'EMI5A0924','6B77C6',1,'2014-05-21 19:41:14','2014-05-21 19:41:14',NULL,NULL),(631,'EMIE8FE33','BA7C6E',1,'2014-05-21 19:41:14','2014-05-21 19:41:14',NULL,NULL),(632,'EMIC2D493','E02332',1,'2014-05-21 19:41:14','2014-05-21 19:41:14',NULL,NULL),(633,'EMI02ED67','859BE0',1,'2014-05-21 19:41:14','2014-05-21 19:41:14',NULL,NULL),(634,'EMI77F365','55EB97',1,'2014-05-21 19:41:14','2014-05-21 19:41:14',NULL,NULL),(635,'EMI3F410B','F2CC13',1,'2014-05-21 19:41:14','2014-05-21 19:41:14',NULL,NULL),(636,'EMI925421','80513D',1,'2014-05-21 19:41:14','2014-05-21 19:41:14',NULL,NULL),(637,'EMI698B0C','DC0B9A',1,'2014-05-21 19:41:14','2014-05-21 19:41:14',NULL,NULL),(638,'EMI3D790C','EB63CC',1,'2014-05-21 19:41:14','2014-05-21 19:41:14',NULL,NULL),(639,'EMI637A0F','AF27D9',1,'2014-05-21 19:41:14','2014-05-21 19:41:14',NULL,NULL),(640,'EMICB277A','3B2236',1,'2014-05-21 19:41:14','2014-05-21 19:41:14',NULL,NULL),(641,'EMIEDD84F','577B1E',1,'2014-05-21 19:41:14','2014-05-21 19:41:14',NULL,NULL),(642,'EMI43BAA5','573CE0',1,'2014-05-21 19:41:14','2014-05-21 19:41:14',NULL,NULL),(643,'EMI989CEB','616D26',1,'2014-05-21 19:41:14','2014-05-21 19:41:14',NULL,NULL),(644,'EMIC9C2D5','497E03',1,'2014-05-21 19:41:14','2014-05-21 19:41:14',NULL,NULL),(645,'EMI2A5DAD','3B583F',1,'2014-05-21 19:41:14','2014-05-21 19:41:14',NULL,NULL),(646,'EMI55865F','756139',1,'2014-05-21 19:41:14','2014-05-21 19:41:14',NULL,NULL),(647,'EMI998C0D','260051',1,'2014-05-21 19:41:14','2014-05-21 19:41:14',NULL,NULL),(648,'EMI8738A3','4BC03A',1,'2014-05-21 19:41:14','2014-05-21 19:41:14',NULL,NULL),(649,'EMIE71E5E','D85EE0',1,'2014-05-21 19:41:14','2014-05-21 19:41:14',NULL,NULL),(650,'EMI0600E5','8EC9A3',1,'2014-05-21 19:41:14','2014-05-21 19:41:14',NULL,NULL),(651,'EMI0FAA36','C41F92',1,'2014-05-21 19:41:14','2014-05-21 19:41:14',NULL,NULL),(652,'EMIE4ABFA','1C9F11',1,'2014-05-21 19:41:14','2014-05-21 19:41:14',NULL,NULL),(653,'EMI2D1E80','5F5C30',1,'2014-05-21 19:41:14','2014-05-21 19:41:14',NULL,NULL),(654,'EMIAF5B84','DF2BCA',1,'2014-05-21 19:41:14','2014-05-21 19:41:14',NULL,NULL),(655,'EMIFBAAE7','70B06A',1,'2014-05-21 19:41:14','2014-05-21 19:41:14',NULL,NULL),(656,'EMI5E7891','AC0A7C',1,'2014-05-21 19:41:14','2014-05-21 19:41:14',NULL,NULL),(657,'EMI1BDA4E','6D6EFE',1,'2014-05-21 19:41:14','2014-05-21 19:41:14',NULL,NULL),(658,'EMI61F1CA','DE527D',1,'2014-05-21 19:41:14','2014-05-21 19:41:14',NULL,NULL),(659,'EMI872E04','482641',1,'2014-05-21 19:41:14','2014-05-21 19:41:14',NULL,NULL),(660,'EMID9132C','01DBBE',1,'2014-05-21 19:41:14','2014-05-21 19:41:14',NULL,NULL),(661,'EMI1ECDAE','F12F13',1,'2014-05-21 19:41:14','2014-05-21 19:41:14',NULL,NULL),(662,'EMIB3D30B','213766',1,'2014-05-21 19:41:14','2014-05-21 19:41:14',NULL,NULL),(663,'EMIBF90C9','5086D8',1,'2014-05-21 19:41:14','2014-05-21 19:41:14',NULL,NULL),(664,'EMI36C507','C8E97E',1,'2014-05-21 19:41:14','2014-05-21 19:41:14',NULL,NULL),(665,'EMIB09B24','FB0508',1,'2014-05-21 19:41:14','2014-05-21 19:41:14',NULL,NULL),(666,'EMI2777B6','849F45',1,'2014-05-21 19:41:14','2014-05-21 19:41:14',NULL,NULL),(667,'EMI574D43','91F899',1,'2014-05-21 19:41:14','2014-05-21 19:41:14',NULL,NULL),(668,'EMI797626','8EDCDC',1,'2014-05-21 19:41:14','2014-05-21 19:41:14',NULL,NULL),(669,'EMID04E78','843400',1,'2014-05-21 19:41:14','2014-05-21 19:41:14',NULL,NULL),(670,'EMI8064B0','163016',1,'2014-05-21 19:41:14','2014-05-21 19:41:14',NULL,NULL),(671,'EMID1C6F2','679BC8',1,'2014-05-21 19:41:14','2014-05-21 19:41:14',NULL,NULL),(672,'EMI88B53F','181EB9',1,'2014-05-21 19:41:14','2014-05-21 19:41:14',NULL,NULL),(673,'EMIEA4277','47B0BE',1,'2014-05-21 19:41:14','2014-05-21 19:41:14',NULL,NULL),(674,'EMI3C8751','CE042D',1,'2014-05-21 19:41:14','2014-05-21 19:41:14',NULL,NULL),(675,'EMIE7E5F3','44C75E',1,'2014-05-21 19:41:14','2014-05-21 19:41:14',NULL,NULL),(676,'EMIAB024C','72259B',1,'2014-05-21 19:41:14','2014-05-21 19:41:14',NULL,NULL),(677,'EMICE40FD','A435CD',1,'2014-05-21 19:41:14','2014-05-21 19:41:14',NULL,NULL),(678,'EMI30EB2E','DE2743',1,'2014-05-21 19:41:14','2014-05-21 19:41:14',NULL,NULL),(679,'EMIE103AB','8C4408',1,'2014-05-21 19:41:14','2014-05-21 19:41:14',NULL,NULL),(680,'EMI8E0259','6D8FD5',1,'2014-05-21 19:41:14','2014-05-21 19:41:14',NULL,NULL),(681,'EMI2ECF08','90B107',1,'2014-05-21 19:41:14','2014-05-21 19:41:14',NULL,NULL),(682,'EMI017AC1','DFCF99',1,'2014-05-21 19:41:14','2014-05-21 19:41:14',NULL,NULL),(683,'EMIA9148B','4EF3CD',1,'2014-05-21 19:41:14','2014-05-21 19:41:14',NULL,NULL),(684,'EMI84E6B2','9B08A0',1,'2014-05-21 19:41:14','2014-05-21 19:41:14',NULL,NULL),(685,'EMI60A012','F4F85C',1,'2014-05-21 19:41:14','2014-05-21 19:41:14',NULL,NULL),(686,'EMI0FAE3C','523A14',1,'2014-05-21 19:41:14','2014-05-21 19:41:14',NULL,NULL),(687,'EMIBBE18F','772E2B',1,'2014-05-21 19:41:14','2014-05-21 19:41:14',NULL,NULL),(688,'EMIC5F766','D25758',1,'2014-05-21 19:41:14','2014-05-21 19:41:14',NULL,NULL),(689,'EMI568EB0','560E98',1,'2014-05-21 19:41:14','2014-05-21 19:41:14',NULL,NULL),(690,'EMIE9B685','6750DC',1,'2014-05-21 19:41:14','2014-05-21 19:41:14',NULL,NULL),(691,'EMICDEA83','DB0866',1,'2014-05-21 19:41:14','2014-05-21 19:41:14',NULL,NULL),(692,'EMI08F077','7B01F3',1,'2014-05-21 19:41:14','2014-05-21 19:41:14',NULL,NULL),(693,'EMI894E5B','56020A',1,'2014-05-21 19:41:14','2014-05-21 19:41:14',NULL,NULL),(694,'EMIB161F8','06AD85',1,'2014-05-21 19:41:14','2014-05-21 19:41:14',NULL,NULL),(695,'EMI703025','C9E9AC',1,'2014-05-21 19:41:14','2014-05-21 19:41:14',NULL,NULL),(696,'EMI13DA4D','339D60',1,'2014-05-21 19:41:14','2014-05-21 19:41:14',NULL,NULL),(697,'EMI9E5513','092CBA',1,'2014-05-21 19:41:14','2014-05-21 19:41:14',NULL,NULL),(698,'EMI9F81B6','7D05C6',1,'2014-05-21 19:41:14','2014-05-21 19:41:14',NULL,NULL),(699,'EMIA74A0E','36B8B1',1,'2014-05-21 19:41:14','2014-05-21 19:41:14',NULL,NULL),(700,'EMID3F76F','975080',1,'2014-05-21 19:41:14','2014-05-21 19:41:14',NULL,NULL),(701,'EMIBBC466','D05FC9',1,'2014-05-21 19:41:14','2014-05-21 19:41:14',NULL,NULL),(702,'EMI099B18','36FB1F',1,'2014-05-21 19:41:15','2014-05-21 19:41:15',NULL,NULL),(703,'EMIF96987','13CD0E',1,'2014-05-21 19:41:15','2014-05-21 19:41:15',NULL,NULL),(704,'EMI09AE25','AF1600',1,'2014-05-21 19:41:15','2014-05-21 19:41:15',NULL,NULL),(705,'EMI5D067D','FD15EF',1,'2014-05-21 19:41:15','2014-05-21 19:41:15',NULL,NULL),(706,'EMI3A455C','8C6DC4',1,'2014-05-21 19:41:15','2014-05-21 19:41:15',NULL,NULL),(707,'EMI2D3616','9B2C56',1,'2014-05-21 19:41:15','2014-05-21 19:41:15',NULL,NULL),(708,'EMI52E172','FF1639',1,'2014-05-21 19:41:15','2014-05-21 19:41:15',NULL,NULL),(709,'EMI71DC01','B30884',1,'2014-05-21 19:41:15','2014-05-21 19:41:15',NULL,NULL),(710,'EMI1D26D0','5BDC63',1,'2014-05-21 19:41:15','2014-05-21 19:41:15',NULL,NULL),(711,'EMI69750D','F0006E',1,'2014-05-21 19:41:15','2014-05-21 19:41:15',NULL,NULL),(712,'EMI1A1172','3B246E',1,'2014-05-21 19:41:15','2014-05-21 19:41:15',NULL,NULL),(713,'EMI856FAB','AFB88B',1,'2014-05-21 19:41:15','2014-05-21 19:41:15',NULL,NULL),(714,'EMIE17B58','698E0A',1,'2014-05-21 19:41:15','2014-05-21 19:41:15',NULL,NULL),(715,'EMI8E246F','169C41',1,'2014-05-21 19:41:15','2014-05-21 19:41:15',NULL,NULL),(716,'EMI5E3AE9','499339',1,'2014-05-21 19:41:15','2014-05-21 19:41:15',NULL,NULL),(717,'EMIAA98BA','6C5960',1,'2014-05-21 19:41:15','2014-05-21 19:41:15',NULL,NULL),(718,'EMIEF5BD5','8CAAD3',1,'2014-05-21 19:41:15','2014-05-21 19:41:15',NULL,NULL),(719,'EMI1052B5','2D2F44',1,'2014-05-21 19:41:15','2014-05-21 19:41:15',NULL,NULL),(720,'EMI87A21B','5AA33E',1,'2014-05-21 19:41:15','2014-05-21 19:41:15',NULL,NULL),(721,'EMI09F513','0E89BC',1,'2014-05-21 19:41:15','2014-05-21 19:41:15',NULL,NULL),(722,'EMI4B6097','A246B6',1,'2014-05-21 19:41:15','2014-05-21 19:41:15',NULL,NULL),(723,'EMI7B21C9','134F81',1,'2014-05-21 19:41:15','2014-05-21 19:41:15',NULL,NULL),(724,'EMI74690D','BDA700',1,'2014-05-21 19:41:15','2014-05-21 19:41:15',NULL,NULL),(725,'EMI5327A1','EA9CA4',1,'2014-05-21 19:41:15','2014-05-21 19:41:15',NULL,NULL),(726,'EMIC6CA37','ECE522',1,'2014-05-21 19:41:15','2014-05-21 19:41:15',NULL,NULL),(727,'EMIF86F74','4C8F1A',1,'2014-05-21 19:41:15','2014-05-21 19:41:15',NULL,NULL),(728,'EMI2ECD3E','9D7508',1,'2014-05-21 19:41:15','2014-05-21 19:41:15',NULL,NULL),(729,'EMI43ED8E','4D5D22',1,'2014-05-21 19:41:15','2014-05-21 19:41:15',NULL,NULL),(730,'EMI1E2486','D93BD8',1,'2014-05-21 19:41:15','2014-05-21 19:41:15',NULL,NULL),(731,'EMI51B3B4','83DFD5',1,'2014-05-21 19:41:15','2014-05-21 19:41:15',NULL,NULL),(732,'EMIBF7FD9','57AAE7',1,'2014-05-21 19:41:15','2014-05-21 19:41:15',NULL,NULL),(733,'EMI0F98D6','5E7603',1,'2014-05-21 19:41:15','2014-05-21 19:41:15',NULL,NULL),(734,'EMI7BCD7B','7ABDB5',1,'2014-05-21 19:41:15','2014-05-21 19:41:15',NULL,NULL),(735,'EMI8C5970','BF0673',1,'2014-05-21 19:41:15','2014-05-21 19:41:15',NULL,NULL),(736,'EMI038D28','B40851',1,'2014-05-21 19:41:15','2014-05-21 19:41:15',NULL,NULL),(737,'EMID0A61D','F5BADF',1,'2014-05-21 19:41:15','2014-05-21 19:41:15',NULL,NULL),(738,'EMI9E9AFB','6E15EB',1,'2014-05-21 19:41:15','2014-05-21 19:41:15',NULL,NULL),(739,'EMI2DDEAF','6FACB2',1,'2014-05-21 19:41:15','2014-05-21 19:41:15',NULL,NULL),(740,'EMI06173D','ACA10C',1,'2014-05-21 19:41:15','2014-05-21 19:41:15',NULL,NULL),(741,'EMI3D1C92','F3AB9A',1,'2014-05-21 19:41:15','2014-05-21 19:41:15',NULL,NULL),(742,'EMI6FF84B','DA592D',1,'2014-05-21 19:41:15','2014-05-21 19:41:15',NULL,NULL),(743,'EMI8240A8','CCB979',1,'2014-05-21 19:41:15','2014-05-21 19:41:15',NULL,NULL),(744,'EMI8B92E1','061A41',1,'2014-05-21 19:41:15','2014-05-21 19:41:15',NULL,NULL),(745,'EMIB5A737','CEBF37',1,'2014-05-21 19:41:15','2014-05-21 19:41:15',NULL,NULL),(746,'EMI7FCDF5','885EF6',1,'2014-05-21 19:41:15','2014-05-21 19:41:15',NULL,NULL),(747,'EMIFA6E68','ECD7DC',1,'2014-05-21 19:41:15','2014-05-21 19:41:15',NULL,NULL),(748,'EMI81890B','A6FDCF',1,'2014-05-21 19:41:15','2014-05-21 19:41:15',NULL,NULL),(749,'EMI9B159E','302248',1,'2014-05-21 19:41:15','2014-05-21 19:41:15',NULL,NULL),(750,'EMI2EF0DD','855DF7',1,'2014-05-21 19:41:15','2014-05-21 19:41:15',NULL,NULL),(751,'EMIB24BF2','DB4CD1',1,'2014-05-21 19:41:15','2014-05-21 19:41:15',NULL,NULL),(752,'EMI0B3E3B','988393',1,'2014-05-21 19:41:15','2014-05-21 19:41:15',NULL,NULL),(753,'EMI9DCF87','9940EE',1,'2014-05-21 19:41:15','2014-05-21 19:41:15',NULL,NULL),(754,'EMIE96A4B','3351FA',1,'2014-05-21 19:41:15','2014-05-21 19:41:15',NULL,NULL),(755,'EMI0DF1DA','589B97',1,'2014-05-21 19:41:15','2014-05-21 19:41:15',NULL,NULL),(756,'EMI249235','AA449B',1,'2014-05-21 19:41:15','2014-05-21 19:41:15',NULL,NULL),(757,'EMI6DBFDC','BD840A',1,'2014-05-21 19:41:15','2014-05-21 19:41:15',NULL,NULL),(758,'EMI3B6554','9080CF',1,'2014-05-21 19:41:15','2014-05-21 19:41:15',NULL,NULL),(759,'EMIFDE348','8FDF89',1,'2014-05-21 19:41:15','2014-05-21 19:41:15',NULL,NULL),(760,'EMIDBE61C','16C7AE',1,'2014-05-21 19:41:15','2014-05-21 19:41:15',NULL,NULL),(761,'EMI81D45F','00F160',1,'2014-05-21 19:41:15','2014-05-21 19:41:15',NULL,NULL),(762,'EMI80206A','0A6429',1,'2014-05-21 19:41:15','2014-05-21 19:41:15',NULL,NULL),(763,'EMID457C1','2793B1',1,'2014-05-21 19:41:15','2014-05-21 19:41:15',NULL,NULL),(764,'EMI6717A7','71D8DD',1,'2014-05-21 19:41:15','2014-05-21 19:41:15',NULL,NULL),(765,'EMI65042B','E4DA63',1,'2014-05-21 19:41:15','2014-05-21 19:41:15',NULL,NULL),(766,'EMIC5EA65','979A16',1,'2014-05-21 19:41:15','2014-05-21 19:41:15',NULL,NULL),(767,'EMI99DABA','23163F',1,'2014-05-21 19:41:15','2014-05-21 19:41:15',NULL,NULL),(768,'EMI95E15E','472EFA',1,'2014-05-21 19:41:15','2014-05-21 19:41:15',NULL,NULL),(769,'EMI2015A5','615EBD',1,'2014-05-21 19:41:15','2014-05-21 19:41:15',NULL,NULL),(770,'EMI0AF6FA','D0CD14',1,'2014-05-21 19:41:15','2014-05-21 19:41:15',NULL,NULL),(771,'EMIAF15D9','9342F5',1,'2014-05-21 19:41:15','2014-05-21 19:41:15',NULL,NULL),(772,'EMIE831C1','3D0736',1,'2014-05-21 19:41:15','2014-05-21 19:41:15',NULL,NULL),(773,'EMIA2C86D','93DB55',1,'2014-05-21 19:41:15','2014-05-21 19:41:15',NULL,NULL),(774,'EMI0A1AAE','0738F8',1,'2014-05-21 19:41:15','2014-05-21 19:41:15',NULL,NULL),(775,'EMI8D1798','6BAA15',1,'2014-05-21 19:41:15','2014-05-21 19:41:15',NULL,NULL),(776,'EMICFF497','4B0763',1,'2014-05-21 19:41:15','2014-05-21 19:41:15',NULL,NULL),(777,'EMI0C97F9','4E4EBE',1,'2014-05-21 19:41:15','2014-05-21 19:41:15',NULL,NULL),(778,'EMI24D1B0','A9C11F',1,'2014-05-21 19:41:15','2014-05-21 19:41:15',NULL,NULL),(779,'EMIDD5263','02722B',1,'2014-05-21 19:41:15','2014-05-21 19:41:15',NULL,NULL),(780,'EMIE89E23','1E293A',1,'2014-05-21 19:41:15','2014-05-21 19:41:15',NULL,NULL),(781,'EMIDE595E','EE3413',1,'2014-05-21 19:41:15','2014-05-21 19:41:15',NULL,NULL),(782,'EMIE42D42','FD0B4E',1,'2014-05-21 19:41:15','2014-05-21 19:41:15',NULL,NULL),(783,'EMID56F2F','2F1325',1,'2014-05-21 19:41:15','2014-05-21 19:41:15',NULL,NULL),(784,'EMI50E754','192C1B',1,'2014-05-21 19:41:15','2014-05-21 19:41:15',NULL,NULL),(785,'EMI136FA6','621A75',1,'2014-05-21 19:41:15','2014-05-21 19:41:15',NULL,NULL),(786,'EMID1F994','12C6B2',1,'2014-05-21 19:41:15','2014-05-21 19:41:15',NULL,NULL),(787,'EMI616DFC','C0D95B',1,'2014-05-21 19:41:15','2014-05-21 19:41:15',NULL,NULL),(788,'EMI05BEDB','514778',1,'2014-05-21 19:41:15','2014-05-21 19:41:15',NULL,NULL),(789,'EMI2FAB69','729E0D',1,'2014-05-21 19:41:15','2014-05-21 19:41:15',NULL,NULL),(790,'EMI8177F9','4EA433',1,'2014-05-21 19:41:15','2014-05-21 19:41:15',NULL,NULL),(791,'EMIAA7655','E8084F',1,'2014-05-21 19:41:15','2014-05-21 19:41:15',NULL,NULL),(792,'EMI5B9C00','804190',1,'2014-05-21 19:41:15','2014-05-21 19:41:15',NULL,NULL),(793,'EMI7FDFB5','35C731',1,'2014-05-21 19:41:15','2014-05-21 19:41:15',NULL,NULL),(794,'EMI617C1A','F30A10',1,'2014-05-21 19:41:15','2014-05-21 19:41:15',NULL,NULL),(795,'EMI134550','CA58A5',1,'2014-05-21 19:41:15','2014-05-21 19:41:15',NULL,NULL),(796,'EMI09EC39','BDC460',1,'2014-05-21 19:41:15','2014-05-21 19:41:15',NULL,NULL),(797,'EMIE6C6B8','F96C4D',1,'2014-05-21 19:41:15','2014-05-21 19:41:15',NULL,NULL),(798,'EMI1FBADF','2BD3F7',1,'2014-05-21 19:41:15','2014-05-21 19:41:15',NULL,NULL),(799,'EMI6D4671','FB3F3E',1,'2014-05-21 19:41:15','2014-05-21 19:41:15',NULL,NULL),(800,'EMIE93D8C','2105BA',1,'2014-05-21 19:41:15','2014-05-21 19:41:15',NULL,NULL),(801,'EMI6C76AB','C4D234',1,'2014-05-21 19:41:15','2014-05-21 19:41:15',NULL,NULL),(802,'EMI9F547B','0C42C7',1,'2014-05-21 19:41:15','2014-05-21 19:41:15',NULL,NULL),(803,'EMI3DE9C7','7C6A34',1,'2014-05-21 19:41:15','2014-05-21 19:41:15',NULL,NULL),(804,'EMI40E88E','8D78A3',1,'2014-05-21 19:41:15','2014-05-21 19:41:15',NULL,NULL),(805,'EMI647D55','CC3B9F',1,'2014-05-21 19:41:15','2014-05-21 19:41:15',NULL,NULL),(806,'EMI1369D4','E8BE79',1,'2014-05-21 19:41:15','2014-05-21 19:41:15',NULL,NULL),(807,'EMIFE0F5B','BAC831',1,'2014-05-21 19:41:15','2014-05-21 19:41:15',NULL,NULL),(808,'EMI63DEB9','19EF60',1,'2014-05-21 19:41:15','2014-05-21 19:41:15',NULL,NULL),(809,'EMI120EEF','7F5247',1,'2014-05-21 19:41:15','2014-05-21 19:41:15',NULL,NULL),(810,'EMI6352C2','D4C8C6',1,'2014-05-21 19:41:15','2014-05-21 19:41:15',NULL,NULL),(811,'EMIB08A5F','1D14D3',1,'2014-05-21 19:41:15','2014-05-21 19:41:15',NULL,NULL),(812,'EMIF76328','159C04',1,'2014-05-21 19:41:15','2014-05-21 19:41:15',NULL,NULL),(813,'EMID0ED53','C74BE4',1,'2014-05-21 19:41:15','2014-05-21 19:41:15',NULL,NULL),(814,'EMI986E29','452AEF',1,'2014-05-21 19:41:15','2014-05-21 19:41:15',NULL,NULL),(815,'EMI764821','709C69',1,'2014-05-21 19:41:15','2014-05-21 19:41:15',NULL,NULL),(816,'EMI0F4954','993B1F',1,'2014-05-21 19:41:15','2014-05-21 19:41:15',NULL,NULL),(817,'EMI27B723','71DB9F',1,'2014-05-21 19:41:15','2014-05-21 19:41:15',NULL,NULL),(818,'EMI9521CD','CB2529',1,'2014-05-21 19:41:15','2014-05-21 19:41:15',NULL,NULL),(819,'EMI1370B7','772882',1,'2014-05-21 19:41:15','2014-05-21 19:41:15',NULL,NULL),(820,'EMI8AF170','051C1F',1,'2014-05-21 19:41:15','2014-05-21 19:41:15',NULL,NULL),(821,'EMIC32FA7','9F366D',1,'2014-05-21 19:41:15','2014-05-21 19:41:15',NULL,NULL),(822,'EMIC643E5','3087BE',1,'2014-05-21 19:41:15','2014-05-21 19:41:15',NULL,NULL),(823,'EMI980985','24858A',1,'2014-05-21 19:41:15','2014-05-21 19:41:15',NULL,NULL),(824,'EMI77BC62','763678',1,'2014-05-21 19:41:15','2014-05-21 19:41:15',NULL,NULL),(825,'EMI4D3B20','BA8CDD',1,'2014-05-21 19:41:15','2014-05-21 19:41:15',NULL,NULL),(826,'EMI71335B','CB1A2C',1,'2014-05-21 19:41:15','2014-05-21 19:41:15',NULL,NULL),(827,'EMI894612','440D40',1,'2014-05-21 19:41:15','2014-05-21 19:41:15',NULL,NULL),(828,'EMI65A057','C0CE05',1,'2014-05-21 19:41:15','2014-05-21 19:41:15',NULL,NULL),(829,'EMIF3AAD3','3C0A10',1,'2014-05-21 19:41:15','2014-05-21 19:41:15',NULL,NULL),(830,'EMI2D13D9','8256C3',1,'2014-05-21 19:41:15','2014-05-21 19:41:15',NULL,NULL),(831,'EMI0CB664','1439FA',1,'2014-05-21 19:41:15','2014-05-21 19:41:15',NULL,NULL),(832,'EMIDAC169','210689',1,'2014-05-21 19:41:15','2014-05-21 19:41:15',NULL,NULL),(833,'EMI2CE0DB','30A1AA',1,'2014-05-21 19:41:15','2014-05-21 19:41:15',NULL,NULL),(834,'EMIFC9DCF','8AFBE5',1,'2014-05-21 19:41:15','2014-05-21 19:41:15',NULL,NULL),(835,'EMI0CFD99','3F8E34',1,'2014-05-21 19:41:15','2014-05-21 19:41:15',NULL,NULL),(836,'EMI4C99D5','B1001E',1,'2014-05-21 19:41:15','2014-05-21 19:41:15',NULL,NULL),(837,'EMI1ADD17','5384F4',1,'2014-05-21 19:41:15','2014-05-21 19:41:15',NULL,NULL),(838,'EMIE6B655','AA94C6',1,'2014-05-21 19:41:15','2014-05-21 19:41:15',NULL,NULL),(839,'EMI773E69','C0ADD7',1,'2014-05-21 19:41:15','2014-05-21 19:41:15',NULL,NULL),(840,'EMI3C8A95','25DD24',1,'2014-05-21 19:41:15','2014-05-21 19:41:15',NULL,NULL),(841,'EMIDBC164','6BE2B4',1,'2014-05-21 19:41:15','2014-05-21 19:41:15',NULL,NULL),(842,'EMI54250A','37F2EE',1,'2014-05-21 19:41:15','2014-05-21 19:41:15',NULL,NULL),(843,'EMI3FC9CB','C3CD91',1,'2014-05-21 19:41:15','2014-05-21 19:41:15',NULL,NULL),(844,'EMI0D3339','18D126',1,'2014-05-21 19:41:15','2014-05-21 19:41:15',NULL,NULL),(845,'EMI6C28F6','FE2A35',1,'2014-05-21 19:41:15','2014-05-21 19:41:15',NULL,NULL),(846,'EMI035FE9','A1B323',1,'2014-05-21 19:41:15','2014-05-21 19:41:15',NULL,NULL),(847,'EMI0761E4','F9F0D4',1,'2014-05-21 19:41:15','2014-05-21 19:41:15',NULL,NULL),(848,'EMI4F3BBB','592E81',1,'2014-05-21 19:41:15','2014-05-21 19:41:15',NULL,NULL),(849,'EMICDF3C9','AA71C1',1,'2014-05-21 19:41:15','2014-05-21 19:41:15',NULL,NULL),(850,'EMI48072E','639FB9',1,'2014-05-21 19:41:15','2014-05-21 19:41:15',NULL,NULL),(851,'EMIE20EDA','1D4999',1,'2014-05-21 19:41:15','2014-05-21 19:41:15',NULL,NULL),(852,'EMIE8FBC0','C8ED5C',1,'2014-05-21 19:41:15','2014-05-21 19:41:15',NULL,NULL),(853,'EMIF5AE92','6B1EF6',1,'2014-05-21 19:41:15','2014-05-21 19:41:15',NULL,NULL),(854,'EMI3B1437','A63698',1,'2014-05-21 19:41:15','2014-05-21 19:41:15',NULL,NULL),(855,'EMI329089','2A904D',1,'2014-05-21 19:41:15','2014-05-21 19:41:15',NULL,NULL),(856,'EMI16E164','B6DC65',1,'2014-05-21 19:41:15','2014-05-21 19:41:15',NULL,NULL),(857,'EMIC3B4D0','D8C145',1,'2014-05-21 19:41:15','2014-05-21 19:41:15',NULL,NULL),(858,'EMI027C50','670708',1,'2014-05-21 19:41:15','2014-05-21 19:41:15',NULL,NULL),(859,'EMID5C0A0','843253',1,'2014-05-21 19:41:15','2014-05-21 19:41:15',NULL,NULL),(860,'EMI801F3D','6D545A',1,'2014-05-21 19:41:15','2014-05-21 19:41:15',NULL,NULL),(861,'EMID41DE5','E012F3',1,'2014-05-21 19:41:15','2014-05-21 19:41:15',NULL,NULL),(862,'EMIE82604','3A49C5',1,'2014-05-21 19:41:16','2014-05-21 19:41:16',NULL,NULL),(863,'EMI644272','F184D3',1,'2014-05-21 19:41:16','2014-05-21 19:41:16',NULL,NULL),(864,'EMI4A0E47','9CCDD0',1,'2014-05-21 19:41:16','2014-05-21 19:41:16',NULL,NULL),(865,'EMIE2F0AC','17FC17',1,'2014-05-21 19:41:16','2014-05-21 19:41:16',NULL,NULL),(866,'EMI0A88E0','773787',1,'2014-05-21 19:41:16','2014-05-21 19:41:16',NULL,NULL),(867,'EMICA9FCF','910A66',1,'2014-05-21 19:41:16','2014-05-21 19:41:16',NULL,NULL),(868,'EMI08422B','972525',1,'2014-05-21 19:41:16','2014-05-21 19:41:16',NULL,NULL),(869,'EMIC3B8AA','703E5E',1,'2014-05-21 19:41:16','2014-05-21 19:41:16',NULL,NULL),(870,'EMI759077','28F9F9',1,'2014-05-21 19:41:16','2014-05-21 19:41:16',NULL,NULL),(871,'EMI62C594','08672C',1,'2014-05-21 19:41:16','2014-05-21 19:41:16',NULL,NULL),(872,'EMIE515F1','9D77ED',1,'2014-05-21 19:41:16','2014-05-21 19:41:16',NULL,NULL),(873,'EMI206554','BB3C74',1,'2014-05-21 19:41:16','2014-05-21 19:41:16',NULL,NULL),(874,'EMI31CD7C','0929C9',1,'2014-05-21 19:41:16','2014-05-21 19:41:16',NULL,NULL),(875,'EMI2AA558','46FAB6',1,'2014-05-21 19:41:16','2014-05-21 19:41:16',NULL,NULL),(876,'EMIFA4BB3','7487BF',1,'2014-05-21 19:41:16','2014-05-21 19:41:16',NULL,NULL),(877,'EMI58DBE4','F80EF7',1,'2014-05-21 19:41:16','2014-05-21 19:41:16',NULL,NULL),(878,'EMI6037BF','244D89',1,'2014-05-21 19:41:16','2014-05-21 19:41:16',NULL,NULL),(879,'EMID09894','82E640',1,'2014-05-21 19:41:16','2014-05-21 19:41:16',NULL,NULL),(880,'EMI264B13','C07704',1,'2014-05-21 19:41:16','2014-05-21 19:41:16',NULL,NULL),(881,'EMI52F6C1','87293B',1,'2014-05-21 19:41:16','2014-05-21 19:41:16',NULL,NULL),(882,'EMIAE644A','0C01ED',1,'2014-05-21 19:41:16','2014-05-21 19:41:16',NULL,NULL),(883,'EMIA7A830','03F901',1,'2014-05-21 19:41:16','2014-05-21 19:41:16',NULL,NULL),(884,'EMI3CF231','866B78',1,'2014-05-21 19:41:16','2014-05-21 19:41:16',NULL,NULL),(885,'EMI061EFC','C81490',1,'2014-05-21 19:41:16','2014-05-21 19:41:16',NULL,NULL),(886,'EMI3CA699','8E8C4C',1,'2014-05-21 19:41:16','2014-05-21 19:41:16',NULL,NULL),(887,'EMI49E932','8AA2B3',1,'2014-05-21 19:41:16','2014-05-21 19:41:16',NULL,NULL),(888,'EMIC189CE','50990C',1,'2014-05-21 19:41:16','2014-05-21 19:41:16',NULL,NULL),(889,'EMIBD70CF','F541C6',1,'2014-05-21 19:41:16','2014-05-21 19:41:16',NULL,NULL),(890,'EMI5C8B74','7F7C0A',1,'2014-05-21 19:41:16','2014-05-21 19:41:16',NULL,NULL),(891,'EMI8129EE','F208EA',1,'2014-05-21 19:41:16','2014-05-21 19:41:16',NULL,NULL),(892,'EMI3A6F23','D25972',1,'2014-05-21 19:41:16','2014-05-21 19:41:16',NULL,NULL),(893,'EMI3CC27F','BE6E78',1,'2014-05-21 19:41:16','2014-05-21 19:41:16',NULL,NULL),(894,'EMI20036D','5941DE',1,'2014-05-21 19:41:16','2014-05-21 19:41:16',NULL,NULL),(895,'EMI0605CC','04C544',1,'2014-05-21 19:41:16','2014-05-21 19:41:16',NULL,NULL),(896,'EMI0400AE','441F44',1,'2014-05-21 19:41:16','2014-05-21 19:41:16',NULL,NULL),(897,'EMI86DFB0','D38867',1,'2014-05-21 19:41:16','2014-05-21 19:41:16',NULL,NULL),(898,'EMI97254E','7BF111',1,'2014-05-21 19:41:16','2014-05-21 19:41:16',NULL,NULL),(899,'EMIA0F651','ACD6D9',1,'2014-05-21 19:41:16','2014-05-21 19:41:16',NULL,NULL),(900,'EMI7DC893','650B69',1,'2014-05-21 19:41:16','2014-05-21 19:41:16',NULL,NULL),(901,'EMIB71B44','2955B2',1,'2014-05-21 19:41:16','2014-05-21 19:41:16',NULL,NULL),(902,'EMIE65F15','4B40E5',1,'2014-05-21 19:41:16','2014-05-21 19:41:16',NULL,NULL),(903,'EMIE12EAF','43260D',1,'2014-05-21 19:41:16','2014-05-21 19:41:16',NULL,NULL),(904,'EMICC8654','EB77C2',1,'2014-05-21 19:41:16','2014-05-21 19:41:16',NULL,NULL),(905,'EMIAC489B','F221F7',1,'2014-05-21 19:41:16','2014-05-21 19:41:16',NULL,NULL),(906,'EMI455816','0CCEAC',1,'2014-05-21 19:41:16','2014-05-21 19:41:16',NULL,NULL),(907,'EMI67BCD3','C455B1',1,'2014-05-21 19:41:16','2014-05-21 19:41:16',NULL,NULL),(908,'EMIBE8451','04B47F',1,'2014-05-21 19:41:16','2014-05-21 19:41:16',NULL,NULL),(909,'EMI1E160E','9C7881',1,'2014-05-21 19:41:16','2014-05-21 19:41:16',NULL,NULL),(910,'EMIB53E3E','572238',1,'2014-05-21 19:41:16','2014-05-21 19:41:16',NULL,NULL),(911,'EMI88895D','458D29',1,'2014-05-21 19:41:16','2014-05-21 19:41:16',NULL,NULL),(912,'EMIDB547C','D6901D',1,'2014-05-21 19:41:16','2014-05-21 19:41:16',NULL,NULL),(913,'EMI23106A','1FD523',1,'2014-05-21 19:41:16','2014-05-21 19:41:16',NULL,NULL),(914,'EMIF805EB','12C68F',1,'2014-05-21 19:41:16','2014-05-21 19:41:16',NULL,NULL),(915,'EMIACC3F2','D64BBA',1,'2014-05-21 19:41:16','2014-05-21 19:41:16',NULL,NULL),(916,'EMIEE08B4','358C74',1,'2014-05-21 19:41:16','2014-05-21 19:41:16',NULL,NULL),(917,'EMI6890D8','8DFB61',1,'2014-05-21 19:41:16','2014-05-21 19:41:16',NULL,NULL),(918,'EMI60B8A4','66AFFD',1,'2014-05-21 19:41:16','2014-05-21 19:41:16',NULL,NULL),(919,'EMID22F10','7387B0',1,'2014-05-21 19:41:16','2014-05-21 19:41:16',NULL,NULL),(920,'EMID197A7','248C37',1,'2014-05-21 19:41:16','2014-05-21 19:41:16',NULL,NULL),(921,'EMI0D9A1D','5CC881',1,'2014-05-21 19:41:16','2014-05-21 19:41:16',NULL,NULL),(922,'EMID90866','362CC7',1,'2014-05-21 19:41:16','2014-05-21 19:41:16',NULL,NULL),(923,'EMI3896E9','CD05A5',1,'2014-05-21 19:41:16','2014-05-21 19:41:16',NULL,NULL),(924,'EMIAA3984','5BF268',1,'2014-05-21 19:41:16','2014-05-21 19:41:16',NULL,NULL),(925,'EMI00D0C9','B9DDCD',1,'2014-05-21 19:41:16','2014-05-21 19:41:16',NULL,NULL),(926,'EMIE1BB14','921388',1,'2014-05-21 19:41:16','2014-05-21 19:41:16',NULL,NULL),(927,'EMI5B83CA','5FB0E3',1,'2014-05-21 19:41:16','2014-05-21 19:41:16',NULL,NULL),(928,'EMICF3CA7','D74655',1,'2014-05-21 19:41:16','2014-05-21 19:41:16',NULL,NULL),(929,'EMI83F6E7','54691D',1,'2014-05-21 19:41:16','2014-05-21 19:41:16',NULL,NULL),(930,'EMIDF7D93','71C9F2',1,'2014-05-21 19:41:16','2014-05-21 19:41:16',NULL,NULL),(931,'EMI63E6FA','358B94',1,'2014-05-21 19:41:16','2014-05-21 19:41:16',NULL,NULL),(932,'EMI171066','96CD02',1,'2014-05-21 19:41:16','2014-05-21 19:41:16',NULL,NULL),(933,'EMIBDE754','A43501',1,'2014-05-21 19:41:16','2014-05-21 19:41:16',NULL,NULL),(934,'EMI8A4D26','216E92',1,'2014-05-21 19:41:16','2014-05-21 19:41:16',NULL,NULL),(935,'EMI542762','BF5D48',1,'2014-05-21 19:41:16','2014-05-21 19:41:16',NULL,NULL),(936,'EMI79F7A7','CBFBB0',1,'2014-05-21 19:41:16','2014-05-21 19:41:16',NULL,NULL),(937,'EMIF263AB','C18DEF',1,'2014-05-21 19:41:16','2014-05-21 19:41:16',NULL,NULL),(938,'EMI83BF04','02FA97',1,'2014-05-21 19:41:16','2014-05-21 19:41:16',NULL,NULL),(939,'EMI400850','909A3A',1,'2014-05-21 19:41:16','2014-05-21 19:41:16',NULL,NULL),(940,'EMI82FEF7','33F047',1,'2014-05-21 19:41:16','2014-05-21 19:41:16',NULL,NULL),(941,'EMIC8C966','A32F30',1,'2014-05-21 19:41:16','2014-05-21 19:41:16',NULL,NULL),(942,'EMI8F886A','2136C0',1,'2014-05-21 19:41:16','2014-05-21 19:41:16',NULL,NULL),(943,'EMIEAB522','9B52E7',1,'2014-05-21 19:41:16','2014-05-21 19:41:16',NULL,NULL),(944,'EMIF37BFA','72CD6D',1,'2014-05-21 19:41:16','2014-05-21 19:41:16',NULL,NULL),(945,'EMIBBE055','27C247',1,'2014-05-21 19:41:16','2014-05-21 19:41:16',NULL,NULL),(946,'EMI99201D','E1A43F',1,'2014-05-21 19:41:16','2014-05-21 19:41:16',NULL,NULL),(947,'EMI3CAC30','0FB82E',1,'2014-05-21 19:41:16','2014-05-21 19:41:16',NULL,NULL),(948,'EMI093584','E5F273',1,'2014-05-21 19:41:16','2014-05-21 19:41:16',NULL,NULL),(949,'EMI18E9B2','B1828D',1,'2014-05-21 19:41:16','2014-05-21 19:41:16',NULL,NULL),(950,'EMIE38C94','86E075',1,'2014-05-21 19:41:16','2014-05-21 19:41:16',NULL,NULL),(951,'EMIB0EFF7','897503',1,'2014-05-21 19:41:16','2014-05-21 19:41:16',NULL,NULL),(952,'EMI527988','F1A986',1,'2014-05-21 19:41:16','2014-05-21 19:41:16',NULL,NULL),(953,'EMIEC5689','642CF4',1,'2014-05-21 19:41:16','2014-05-21 19:41:16',NULL,NULL),(954,'EMI70F69A','6BF03A',1,'2014-05-21 19:41:16','2014-05-21 19:41:16',NULL,NULL),(955,'EMI50C2FE','CAE11D',1,'2014-05-21 19:41:16','2014-05-21 19:41:16',NULL,NULL),(956,'EMI166B06','BD43FB',1,'2014-05-21 19:41:16','2014-05-21 19:41:16',NULL,NULL),(957,'EMI21F6A4','EBA443',1,'2014-05-21 19:41:16','2014-05-21 19:41:16',NULL,NULL),(958,'EMI25244A','177FF3',1,'2014-05-21 19:41:16','2014-05-21 19:41:16',NULL,NULL),(959,'EMI87D851','B02750',1,'2014-05-21 19:41:16','2014-05-21 19:41:16',NULL,NULL),(960,'EMI644E70','81F227',1,'2014-05-21 19:41:16','2014-05-21 19:41:16',NULL,NULL),(961,'EMID12427','05D6B7',1,'2014-05-21 19:41:16','2014-05-21 19:41:16',NULL,NULL),(962,'EMI8878F5','43A936',1,'2014-05-21 19:41:16','2014-05-21 19:41:16',NULL,NULL),(963,'EMID60581','D1D93C',1,'2014-05-21 19:41:16','2014-05-21 19:41:16',NULL,NULL),(964,'EMIBCF800','4B8D0F',1,'2014-05-21 19:41:16','2014-05-21 19:41:16',NULL,NULL),(965,'EMIFA32FF','CAC2A1',1,'2014-05-21 19:41:16','2014-05-21 19:41:16',NULL,NULL),(966,'EMI3FB548','DCEACA',1,'2014-05-21 19:41:16','2014-05-21 19:41:16',NULL,NULL),(967,'EMI884A36','9D2D66',1,'2014-05-21 19:41:16','2014-05-21 19:41:16',NULL,NULL),(968,'EMIEC0E7A','536B21',1,'2014-05-21 19:41:16','2014-05-21 19:41:16',NULL,NULL),(969,'EMIB6D7E5','43876C',1,'2014-05-21 19:41:16','2014-05-21 19:41:16',NULL,NULL),(970,'EMID02B0F','3D32D6',1,'2014-05-21 19:41:16','2014-05-21 19:41:16',NULL,NULL),(971,'EMI9086F0','6F0B11',1,'2014-05-21 19:41:16','2014-05-21 19:41:16',NULL,NULL),(972,'EMI9F7EE6','AB1964',1,'2014-05-21 19:41:16','2014-05-21 19:41:16',NULL,NULL),(973,'EMIE32D8A','82C969',1,'2014-05-21 19:41:16','2014-05-21 19:41:16',NULL,NULL),(974,'EMIA4DF14','56AEE8',1,'2014-05-21 19:41:16','2014-05-21 19:41:16',NULL,NULL),(975,'EMIC3D56C','6BDE00',1,'2014-05-21 19:41:16','2014-05-21 19:41:16',NULL,NULL),(976,'EMID8CB9D','AF7314',1,'2014-05-21 19:41:16','2014-05-21 19:41:16',NULL,NULL),(977,'EMI768F3A','43531F',1,'2014-05-21 19:41:16','2014-05-21 19:41:16',NULL,NULL),(978,'EMI222641','45BDF1',1,'2014-05-21 19:41:16','2014-05-21 19:41:16',NULL,NULL),(979,'EMIC6E0F1','A365A7',1,'2014-05-21 19:41:16','2014-05-21 19:41:16',NULL,NULL),(980,'EMI266B0F','1E1FD3',1,'2014-05-21 19:41:16','2014-05-21 19:41:16',NULL,NULL),(981,'EMI551AD2','B3C9D1',1,'2014-05-21 19:41:16','2014-05-21 19:41:16',NULL,NULL),(982,'EMIC3BAA3','8832C1',1,'2014-05-21 19:41:16','2014-05-21 19:41:16',NULL,NULL),(983,'EMI40F700','DDC2C5',1,'2014-05-21 19:41:16','2014-05-21 19:41:16',NULL,NULL),(984,'EMI40B576','D8AC3E',1,'2014-05-21 19:41:16','2014-05-21 19:41:16',NULL,NULL),(985,'EMIAF2819','6DD691',1,'2014-05-21 19:41:16','2014-05-21 19:41:16',NULL,NULL),(986,'EMI55C90A','DD82AE',1,'2014-05-21 19:41:16','2014-05-21 19:41:16',NULL,NULL),(987,'EMI296B0D','B006D9',1,'2014-05-21 19:41:17','2014-05-21 19:41:17',NULL,NULL),(988,'EMI0A8FCA','B1B30F',1,'2014-05-21 19:41:17','2014-05-21 19:41:17',NULL,NULL),(989,'EMI0B9D0A','A893AF',1,'2014-05-21 19:41:17','2014-05-21 19:41:17',NULL,NULL),(990,'EMIEBA928','79E027',1,'2014-05-21 19:41:17','2014-05-21 19:41:17',NULL,NULL),(991,'EMI39F141','A40198',1,'2014-05-21 19:41:17','2014-05-21 19:41:17',NULL,NULL),(992,'EMI0836FF','D714AB',1,'2014-05-21 19:41:17','2014-05-21 19:41:17',NULL,NULL),(993,'EMI0F38F0','87A612',1,'2014-05-21 19:41:17','2014-05-21 19:41:17',NULL,NULL),(994,'EMI42FE3E','A7B627',1,'2014-05-21 19:41:17','2014-05-21 19:41:17',NULL,NULL),(995,'EMI42E563','8D4871',1,'2014-05-21 19:41:17','2014-05-21 19:41:17',NULL,NULL),(996,'EMI1DD085','D29862',1,'2014-05-21 19:41:17','2014-05-21 19:41:17',NULL,NULL),(997,'EMIA756DE','87829E',1,'2014-05-21 19:41:17','2014-05-21 19:41:17',NULL,NULL),(998,'EMI65CF3E','B2AD0A',1,'2014-05-21 19:41:17','2014-05-21 19:41:17',NULL,NULL),(999,'EMI04623C','D98663',1,'2014-05-21 19:41:17','2014-05-21 19:41:17',NULL,NULL),(1000,'EMIF89CD3','343823',1,'2014-05-21 19:41:17','2014-05-21 19:41:17',NULL,NULL);
/*!40000 ALTER TABLE `serial_data` ENABLE KEYS */;
UNLOCK TABLES;

--
-- Table structure for table `users`
--

DROP TABLE IF EXISTS `users`;
/*!40101 SET @saved_cs_client     = @@character_set_client */;
/*!40101 SET character_set_client = utf8 */;
CREATE TABLE `users` (
  `id` int(11) NOT NULL AUTO_INCREMENT,
  `email` varchar(255) COLLATE utf8_unicode_ci NOT NULL DEFAULT '',
  `encrypted_password` varchar(255) COLLATE utf8_unicode_ci NOT NULL DEFAULT '',
  `reset_password_token` varchar(255) COLLATE utf8_unicode_ci DEFAULT NULL,
  `reset_password_sent_at` datetime DEFAULT NULL,
  `remember_created_at` datetime DEFAULT NULL,
  `sign_in_count` int(11) NOT NULL DEFAULT '0',
  `current_sign_in_at` datetime DEFAULT NULL,
  `last_sign_in_at` datetime DEFAULT NULL,
  `current_sign_in_ip` varchar(255) COLLATE utf8_unicode_ci DEFAULT NULL,
  `last_sign_in_ip` varchar(255) COLLATE utf8_unicode_ci DEFAULT NULL,
  `role_id` int(11) DEFAULT NULL,
  `is_active` tinyint(1) DEFAULT '1',
  `created_at` datetime DEFAULT NULL,
  `updated_at` datetime DEFAULT NULL,
  PRIMARY KEY (`id`),
  UNIQUE KEY `index_users_on_email` (`email`),
  UNIQUE KEY `index_users_on_reset_password_token` (`reset_password_token`)
) ENGINE=InnoDB DEFAULT CHARSET=utf8 COLLATE=utf8_unicode_ci;
/*!40101 SET character_set_client = @saved_cs_client */;

--
-- Dumping data for table `users`
--

LOCK TABLES `users` WRITE;
/*!40000 ALTER TABLE `users` DISABLE KEYS */;
/*!40000 ALTER TABLE `users` ENABLE KEYS */;
UNLOCK TABLES;

--
-- Table structure for table `wallets`
--

DROP TABLE IF EXISTS `wallets`;
/*!40101 SET @saved_cs_client     = @@character_set_client */;
/*!40101 SET character_set_client = utf8 */;
CREATE TABLE `wallets` (
  `id` int(11) NOT NULL AUTO_INCREMENT,
  `get_at` date DEFAULT NULL,
  `member_id` int(11) DEFAULT NULL,
  `earned` int(11) DEFAULT NULL,
  `used` int(11) DEFAULT NULL,
  `transaction_type` varchar(255) COLLATE utf8_unicode_ci DEFAULT NULL,
  `sender_id` int(11) DEFAULT NULL,
  `description` text COLLATE utf8_unicode_ci,
  `created_at` datetime DEFAULT NULL,
  `updated_at` datetime DEFAULT NULL,
  PRIMARY KEY (`id`)
) ENGINE=InnoDB DEFAULT CHARSET=utf8 COLLATE=utf8_unicode_ci;
/*!40101 SET character_set_client = @saved_cs_client */;

--
-- Dumping data for table `wallets`
--

LOCK TABLES `wallets` WRITE;
/*!40000 ALTER TABLE `wallets` DISABLE KEYS */;
/*!40000 ALTER TABLE `wallets` ENABLE KEYS */;
UNLOCK TABLES;
/*!40103 SET TIME_ZONE=@OLD_TIME_ZONE */;

/*!40101 SET SQL_MODE=@OLD_SQL_MODE */;
/*!40014 SET FOREIGN_KEY_CHECKS=@OLD_FOREIGN_KEY_CHECKS */;
/*!40014 SET UNIQUE_CHECKS=@OLD_UNIQUE_CHECKS */;
/*!40101 SET CHARACTER_SET_CLIENT=@OLD_CHARACTER_SET_CLIENT */;
/*!40101 SET CHARACTER_SET_RESULTS=@OLD_CHARACTER_SET_RESULTS */;
/*!40101 SET COLLATION_CONNECTION=@OLD_COLLATION_CONNECTION */;
/*!40111 SET SQL_NOTES=@OLD_SQL_NOTES */;

-- Dump completed on 2014-05-28  1:56:11
